contest_group_id,contest_name,choice,choice_party,sum
1,CAMDEN COUNTY CLERK OF SUPERIOR COURT (DEM),Y. Monique Chamblee,DEM,250
6,AVERY COUNTY BOARD OF COMMISSIONERS (REP),"Wood (Woodie) Hall Young, Jr.",REP,1327
12,CHEROKEE COUNTY BOARD OF COMMISSIONERS DISTRICT IV (REP),Winfield L. Clonts,REP,1891
23,CITY OF LINCOLNTON CITY COUNCIL WARD 1 (DEM),Willie Vaughn,DEM,70
7,SAMPSON COUNTY BOARD OF COMMISSIONERS DISTRICT 5 (DEM),Willie R. Moore,DEM,251
1020,NC HOUSE OF REPRESENTATIVES DISTRICT 004 (DEM),William Vann,DEM,1811
18,FORSYTH COUNTY SHERIFF (REP),William T. (Bill) Schatzman,REP,7968
1470,NC STATE SENATE DISTRICT 34 (DEM),William Stinson,DEM,1271
3,ONSLOW COUNTY BOARD OF COMMISSIONERS (REP),William Shanahan,REP,4631
6,ASHE COUNTY BOARD OF COMMISSIONERS (REP),William Sands,REP,1480
21,ROBESON COUNTY BOARD OF EDUCATION DISTRICT 3,William Freeman (Write-In),,1
10,BLADEN COUNTY BOARD OF COMMISSIONERS DISTRICT 3 (DEM),William D. Whitley,DEM,277
7,BEAUFORT COUNTY SHERIFF (DEM),William Chrismon,DEM,1106
19,GUILFORD COUNTY BOARD OF EDUCATION DISTRICT 8 (DEM),William (BJ) Levette,DEM,574
6,ROCKINGHAM COUNTY BOARD OF EDUCATION AT-LARGE (REP),"William (Billy) Littrell, Jr.",REP,751
1469,NC STATE SENATE DISTRICT 34 (REP),William (Bill) Howell,REP,996
15,GUILFORD COUNTY BOARD OF EDUCATION DISTRICT 4 (REP),Will Marsh,REP,906
3,TRANSYLVANIA COUNTY BOARD OF COMMISSIONERS (REP),Will Cathey,REP,1425
19,ORANGE COUNTY BOARD OF EDUCATION,Will Atherton,,4821
1416,NC STATE SENATE DISTRICT 16 (DEM),Wiley Nickel,DEM,8585
1323,NC HOUSE OF REPRESENTATIVES DISTRICT 105 (DEM),Wesley Harris,DEM,2244
7,HALIFAX COUNTY SHERIFF (DEM),Wes Tripp,DEM,5059
1527,US HOUSE OF REPRESENTATIVES DISTRICT 02 (DEM),Wendy Ella May,DEM,3895
1208,NC HOUSE OF REPRESENTATIVES DISTRICT 067 (REP),Wayne Sasser,REP,4950
6,ASHE COUNTY BOARD OF COMMISSIONERS (REP),Wayne Osborne,REP,1214
20,CASWELL COUNTY BOARD OF EDUCATION DISTRICT 2,Wayne L. Owen,,1065
15,RUTHERFORD COUNTY SHERIFF (REP),Wayne Guffey,REP,2034
4,SWAIN COUNTY BOARD OF COMMISSIONERS MEMBERS (DEM),Wayne Dover,DEM,553
21,HARNETT COUNTY SHERIFF (REP),Wayne Coats,REP,3209
9,STOKES COUNTY BOARD OF COMMISSIONERS (REP),Wayne Barneycastle,REP,948
6,BURKE COUNTY BOARD OF COMMISSIONERS (REP),"Wayne Abele, Sr.",REP,2062
9,ONSLOW COUNTY SHERIFF (REP),Walter J. Scott,REP,748
1529,US HOUSE OF REPRESENTATIVES DISTRICT 03 (REP),Walter B. Jones,REP,20957
1203,NC HOUSE OF REPRESENTATIVES DISTRICT 065 (DEM),Wally White,DEM,1351
7,WARREN COUNTY BOARD OF COMMISSIONERS DISTRICT 4 (DEM),Wadie Cheek Ryan,DEM,380
10,WAYNE COUNTY BOARD OF EDUCATION DISTRICT 6,Wade Leatham,,432
6,ALLEGHANY COUNTY BOARD OF COMMISSIONERS (REP),Wade (Bobby) Irwin,REP,479
33,BLADEN COUNTY SHERIFF (REP),W. M. (Billy) Ward,REP,378
3,TRANSYLVANIA COUNTY BOARD OF COMMISSIONERS (REP),W. David Guice,REP,1726
1535,US HOUSE OF REPRESENTATIVES DISTRICT 05 (REP),Virginia Foxx,REP,32654
6,BURKE COUNTY BOARD OF COMMISSIONERS (REP),Virginia (Jennie) Cook,REP,1621
13,MECKLENBURG COUNTY BOARD OF COMMISSIONERS DISTRICT 2 (DEM),Vilma Leake,DEM,7938
3,CUMBERLAND COUNTY SHERIFF (REP),Victor B. Starling,REP,1023
1469,NC STATE SENATE DISTRICT 34 (REP),Vickie Sawyer,REP,4800
19,WAKE COUNTY BOARD OF COMMISSIONERS DISTRICT 7 (DEM),Vickie Adamson,DEM,31882
19,JONES COUNTY BOARD OF COMMISSIONER DISTRICT 7 (DEM),Vernon Lee Harris,DEM,85
1,HALIFAX COUNTY BOARD OF COMMISSIONERS AT-LARGE (DEM),Vernon J. Bryant,DEM,5250
19,CASWELL COUNTY BOARD OF EDUCATION DISTRICT 1,Vennie Beggarly,,417
6,SWAIN COUNTY BOARD OF COMMISSIONERS MEMBERS (REP),Vance W. Greene III,REP,209
9,CABARRUS COUNTY SHERIFF (REP),Van Shaw,REP,6101
1581,DISTRICT ATTORNEY DISTRICT 07 (DEM),Valerie Mitchell Asbell,DEM,11963
18,WARREN COUNTY BOARD OF EDUCATION DISTRICT 2,Ulysses S. Ross,,837
12,ROCKINGHAM COUNTY BOARD OF COMMISSIONERS (REP),Tyres Tatum,REP,2126
7,HALIFAX COUNTY SHERIFF (DEM),Tyree Davis,DEM,3812
15,CHEROKEE COUNTY BOARD OF EDUCATION AT-LARGE (REP),Tylor J. Dockery,REP,1620
1040,NC HOUSE OF REPRESENTATIVES DISTRICT 011 (REP),Tyler Brooks,REP,836
1271,NC HOUSE OF REPRESENTATIVES DISTRICT 088 (REP),Ty Turner,REP,433
1,MECKLENBURG COUNTY BOARD OF COMMISSIONERS AT-LARGE (DEM),Trevor M. Fuller,DEM,33995
3,UNION COUNTY BOARD OF COMMISSIONERS (REP),Travis Wilson,REP,2812
22,JOHNSTON COUNTY BOARD OF EDUCATION,Tracie N. Zukowski,,4314
1656,DISTRICT ATTORNEY DISTRICT 37 (DEM),Toussaint C. Romain,DEM,12302
19,FORSYTH COUNTY BOARD OF COMMISSIONERS DISTRICT A (DEM),Tonya McDaniel,DEM,3348
22,PITT COUNTY SHERIFF (DEM),Tony Williams,DEM,3070
16,ORANGE COUNTY SHERIFF (DEM),Tony White,DEM,4302
19,SURRY COUNTY BOARD OF COMMISSIONERS CENTRAL DISTRICT (REP),Tony R. Tilley,REP,944
1382,NC STATE SENATE DISTRICT 05 (REP),Tony Moore,REP,3875
19,FORSYTH COUNTY BOARD OF COMMISSIONERS DISTRICT A (DEM),Tony Lewis Burton III,DEM,2822
1,HOKE COUNTY BOARD OF COMMISSIONERS (DEM),Tony Hunt,DEM,2020
3,MCDOWELL COUNTY BOARD OF COMMISSIONERS (REP),Tony G. Brown,REP,1059
36,STANLY COUNTY SHERIFF (REP),Tony Frick,REP,294
4,CASWELL COUNTY SHERIFF (DEM),"Tony Durden, Jr.",DEM,2918
19,SURRY COUNTY BOARD OF COMMISSIONERS CENTRAL DISTRICT (REP),Tony Childs,REP,567
9,JOHNSTON COUNTY BOARD OF COMMISSIONERS DISTRICT 6 (UNEXPIRED (REP),Tony Braswell,REP,5395
7,ORANGE COUNTY BOARD OF COMMISSIONERS DISTRICT 2 (DEM),Tommy T. McNeill,DEM,1352
9,WATAUGA COUNTY BOARD OF COMMISSIONERS DISTRICT 5 (REP),Tommy Sofield,REP,1804
12,PASQUOTANK COUNTY SHERIFF (REP),Tommy S. Wooten II,REP,885
4,HAYWOOD COUNTY BOARD OF COMMISSIONERS (REP),Tommy Long,REP,1398
15,STANLY COUNTY BOARD OF COMMISSIONERS DISTRICT 3 (REP),Tommy Jordan,REP,3828
13,GRAHAM COUNTY SHERIFF (DEM),Tommy Holland,DEM,220
1148,NC HOUSE OF REPRESENTATIVES DISTRICT 047 (REP),Tom Norton,REP,384
1442,NC STATE SENATE DISTRICT 25 (REP),Tom McInnis,REP,8911
3,CRAVEN COUNTY BOARD OF COMMISSIONERS DISTRICT 1 (REP),Tom Mark,REP,692
16,YADKIN BOARD OF EDUCATION,Tom Kilby,,1238
19,ORANGE COUNTY BOARD OF EDUCATION,Tom Carr (Write-In),,6
6,BRUNSWICK COUNTY BOARD OF COMMISSIONERS DISTRICT 1 (REP),Tom Adams,REP,1204
17,GRANVILLE COUNTY BOARD OF EDUCATION DISTRICT 4,Tolokun Omokunde,,291
4,DAVIDSON COUNTY BOARD OF COMMISSIONERS (REP),Todd Yates,REP,8068
10,PASQUOTANK COUNTY SHERIFF (DEM),Todd Wagner,DEM,416
22,JOHNSTON COUNTY BOARD OF EDUCATION,Todd P. Sutton,,4899
1,JONES COUNTY BOARD OF COMMISSIONER DISTRICT 2 (DEM),Todd Meadows,DEM,26
4,CLEVELAND COUNTY BOARD OF COMMISSIONERS (DEM),Todd McIntosh,DEM,1853
1665,DISTRICT ATTORNEY DISTRICT 40 (DEM),Todd M. Williams,DEM,13008
6,ASHE COUNTY BOARD OF COMMISSIONERS (REP),Todd A. McNeill,REP,1956
4,PERSON COUNTY SHERIFF (DEM),Todd (T.O.) Dunn,DEM,605
10,PASQUOTANK COUNTY SHERIFF (DEM),Tobie McPherson,DEM,276
9,POLK COUNTY SHERIFF (REP),Tim Wright,REP,750
16,FORSYTH COUNTY SHERIFF (DEM),Tim Wooten,DEM,3829
6,CHEROKEE COUNTY BOARD OF COMMISSIONERS DISTRICT I (REP),Tim West,REP,1885
16,YADKIN BOARD OF EDUCATION,Tim Weatherman,,1982
1482,NC STATE SENATE DISTRICT 38 (DEM),Tim Wallis,DEM,346
1,HERTFORD COUNTY BOARD OF COMMISSIONERS DISTRICT 1 (DEM),Tim Wadsworth,DEM,1287
43,LINCOLN COUNTY SHERIFF (REP),Tim W. Johnson,REP,1285
7,MARTIN COUNTY SHERIFF (DEM),Tim Manning,DEM,2619
15,WATAUGA COUNTY SHERIFF (REP),Tim Holman,REP,382
22,ROBESON COUNTY BOARD OF EDUCATION DISTRICT 6,Tim Heath (Write-In),,1
3,ONSLOW COUNTY BOARD OF COMMISSIONERS (REP),Tim Foster,REP,5533
37,COLUMBUS COUNTY SHERIFF (DEM),Tim Floyd,DEM,818
1266,NC HOUSE OF REPRESENTATIVES DISTRICT 086 (DEM),Tim Barnsback,DEM,1318
7,GUILFORD COUNTY BOARD OF EDUCATION AT-LARGE (DEM),Tijuana B. Hayes,DEM,9528
1,MECKLENBURG COUNTY BOARD OF COMMISSIONERS AT-LARGE (DEM),Tigress Sydney Acute McDaniel,DEM,4643
4,CALDWELL COUNTY BOARD OF COMMISSIONERS (DEM),Thomas E. (Tom) Blanton,DEM,513
22,GUILFORD COUNTY SHERIFF (DEM),Therron J. (TJ) Phipps,DEM,9451
13,CRAVEN COUNTY BOARD OF COMMISSIONERS DISTRICT 5 (DEM),Theron McCabe,DEM,288
1,HOKE COUNTY BOARD OF COMMISSIONERS (DEM),Therman Little,DEM,456
1137,NC HOUSE OF REPRESENTATIVES DISTRICT 043 (DEM),Theresa Gale,DEM,891
7,MADISON BOARD OF EDUCATION CHAIR (DEM),Theresa Banks,DEM,1109
46,LINCOLN COUNTY BOARD OF COMMISSIONERS (REP),Theodore Huss,REP,1190
7,SAMPSON COUNTY BOARD OF COMMISSIONERS DISTRICT 5 (DEM),"Thaddeus L. Godwin, Sr.",DEM,623
6,MONTGOMERY COUNTY SHERIFF (REP),Terry Wells,REP,361
4,DAVIDSON COUNTY BOARD OF COMMISSIONERS (REP),Terry Sprinkle,REP,5788
4,HAYWOOD COUNTY BOARD OF COMMISSIONERS (REP),Terry Ramey,REP,1056
1,HALIFAX COUNTY BOARD OF COMMISSIONERS AT-LARGE (DEM),Terry Buffaloe,DEM,2029
22,JOHNSTON COUNTY BOARD OF EDUCATION,Terri Sessoms,,7540
16,SURRY COUNTY BOARD OF EDUCATION DISTRICT 4,Terri Mosley,,5752
1,HOKE COUNTY BOARD OF COMMISSIONERS (DEM),Terrell Samuel McMillan,DEM,893
10,SURRY COUNTY CLERK OF SUPERIOR COURT (REP),Teresa O'Dell,REP,2754
1113,NC HOUSE OF REPRESENTATIVES DISTRICT 035 (DEM),Terence Everitt,DEM,3926
4,SCOTLAND COUNTY BOARD OF COMMISSIONERS STEWARTSVILLE TWP (DEM),Terence D. Williams,DEM,456
1064,NC HOUSE OF REPRESENTATIVES DISTRICT 019 (REP),"Ted Davis, Jr.",REP,1705
1667,DISTRICT ATTORNEY DISTRICT 41 (REP),Ted Bell,REP,4939
1499,NC STATE SENATE DISTRICT 44 (REP),Ted Alexander,REP,5523
1295,NC HOUSE OF REPRESENTATIVES DISTRICT 096 (REP),Taylor G. Huffman,REP,2615
7,BUNCOMBE COUNTY BOARD OF COMMISSIONERS DISTRICT 3 (DEM),Taylon Breeden,DEM,791
1,RICHMOND COUNTY BOARD OF COMMISSIONERS (DEM),Tavares Bostic,DEM,2266
1,HERTFORD COUNTY BOARD OF COMMISSIONERS DISTRICT 1 (DEM),Tammy Mizelle,DEM,351
10,SAMPSON COUNTY CLERK OF SUPERIOR COURT (DEM),Tammy H. Grady,DEM,1745
7,BERTIE COUNTY BOARD OF COMMISSIONERS DISTRICT 3 (DEM),Tammy A. Lee,DEM,2110
4,CLAY COUNTY BOARD OF COMMISSIONERS (REP),Tammie Hurst,REP,414
6,GRAHAM COUNTY BOARD OF COMMISSIONERS (REP),Tabitha M. Myler,REP,499
10,HALIFAX COUNTY BOARD OF EDUCATION,Susie Lynch Evans,,3350
12,PENDER COUNTY CLERK OF SUPERIOR COURT (REP),Susan Rooks Lunsford,REP,1176
10,WAKE COUNTY BOARD OF COMMISSIONERS DISTRICT 4 (DEM),Susan P. Evans,DEM,38793
17,CLINTON CITY SCHOOLS BOARD OF EDUCATION,Stuart Blount,,591
3,UNION COUNTY BOARD OF COMMISSIONERS (REP),Stony Rushing,REP,7101
6,ALAMANCE COUNTY BOARD OF COMMISSIONERS (REP),Steven J. Carter,REP,4144
1554,US HOUSE OF REPRESENTATIVES DISTRICT 11 (DEM),Steve Woodsmall,DEM,10356
10,AVERY COUNTY BOARD OF EDUCATION,Steve Smith (Write-In),,1
4,DAVIDSON COUNTY BOARD OF COMMISSIONERS (REP),Steve Shell,REP,10659
3,MITCHELL COUNTY BOARD OF COMMISSIONERS (REP),Steve Pitman,REP,1347
24,GUILFORD COUNTY SHERIFF (REP),Steve Parr,REP,1615
1247,NC HOUSE OF REPRESENTATIVES DISTRICT 080 (REP),Steve Jarvis,REP,6371
10,AVERY COUNTY BOARD OF EDUCATION,Steve H. Smith,,1304
10,AVERY COUNTY BOARD OF EDUCATION,Steve H Smith,,0
26,WILKES COUNTY BOARD OF EDUCATION,Steve Collins,,2329
13,SURRY COUNTY SHERIFF (REP),Steve C. Hiatt,REP,2265
21,JOHNSTON COUNTY SHERIFF (REP),Steve Bizzell,REP,7752
15,RUTHERFORD COUNTY SHERIFF (REP),Steve (Theo) Theodoropoulos,REP,446
12,ASHE COUNTY SHERIFF (REP),Stephen Mochen,REP,567
1626,DISTRICT ATTORNEY DISTRICT 24 (DEM),Stephanie Reese,DEM,12743
10,RICHMOND COUNTY BOARD OF EDUCATION,Statha Gilliam Osborne,,2064
1656,DISTRICT ATTORNEY DISTRICT 37 (DEM),Spencer Merriweather,DEM,43136
37,GUILFORD COUNTY BOARD OF COMMISSIONERS DISTRICT 8 UNEXPIRED (DEM),Skip Alston,DEM,2287
1,WAKE COUNTY BOARD OF COMMISSIONERS DISTRICT 1 (DEM),Sig Hutchinson,DEM,38548
13,CLAY COUNTY SHERIFF (REP),Shon Crisp,REP,347
1107,NC HOUSE OF REPRESENTATIVES DISTRICT 033 (DEM),Shirley E. Hicks,DEM,879
1502,NC STATE SENATE DISTRICT 45 (REP),Shirley Blackburn Randleman,REP,7276
6,CATAWBA COUNTY BOARD OF COMMISSIONERS (REP),Sherry Edmonds Butler,REP,11301
7,WARREN COUNTY BOARD OF COMMISSIONERS DISTRICT 4 (DEM),Sheilah Alston Miles,DEM,681
22,ROBESON COUNTY BOARD OF EDUCATION DISTRICT 6,Sheila Gasque (Write-In),,1
16,SAMPSON COUNTY BOARD OF EDUCATION,Shea Grantham Autry,,327
1040,NC HOUSE OF REPRESENTATIVES DISTRICT 011 (REP),Shawn Michael Hamilton,REP,456
26,WILKES COUNTY BOARD OF EDUCATION,Sharron Nichols Huffman,,4357
25,WILKES COUNTY SHERIFF (REP),Sharon Call-Diaz,REP,410
16,NORTHAMPTON COUNTY BOARD OF EDUCATION,Shanee Jacobs Smith,,780
21,ROBESON COUNTY BOARD OF EDUCATION DISTRICT 3,Severeo Kerns,,491
19,WILKES COUNTY BOARD OF COMMISSIONERS (REP),Seth Cohn,REP,1090
1550,US HOUSE OF REPRESENTATIVES DISTRICT 10 (REP),Seth Blankenship,REP,1443
1257,NC HOUSE OF REPRESENTATIVES DISTRICT 083 (DEM),Senah Andrews,DEM,1024
1607,DISTRICT ATTORNEY DISTRICT 17 (REP),Sean Boone,REP,4414
4,CLAY COUNTY BOARD OF COMMISSIONERS (REP),Scotty Penland,REP,1327
3,IREDELL COUNTY BOARD OF COMMISSIONERS (REP),Scottie Brown,REP,4545
1652,DISTRICT ATTORNEY DISTRICT 36 (REP),Scott Reilly,REP,14425
1545,US HOUSE OF REPRESENTATIVES DISTRICT 08 (DEM),Scott Huffman,DEM,6574
9,STANLY COUNTY BOARD OF COMMISSIONERS DISTRICT 1 (REP),Scott Efird,REP,3257
1529,US HOUSE OF REPRESENTATIVES DISTRICT 03 (REP),Scott Dacey,REP,13420
1534,US HOUSE OF REPRESENTATIVES DISTRICT 04 (LIB),Scerry Perry Whitlock,LIB,159
1605,DISTRICT ATTORNEY DISTRICT 16 (DEM),Satana Deberry,DEM,15281
1277,NC HOUSE OF REPRESENTATIVES DISTRICT 090 (REP),Sarah Stevens,REP,4060
19,ORANGE COUNTY BOARD OF EDUCATION,Sarah Smylie,,5451
12,LEE COUNTY BOARD OF COMMISSIONERS DISTRICT 4 (REP),Sandra Jones,REP,130
1454,NC STATE SENATE DISTRICT 29 (REP),Sam Watford,REP,9438
9,ROCKINGHAM COUNTY SHERIFF (REP),Sam Page,REP,5017
6,AVERY COUNTY BOARD OF COMMISSIONERS (REP),Sam Laws,REP,729
16,YADKIN BOARD OF EDUCATION,Sam Crews,,1849
1,ORANGE COUNTY BOARD OF COMMISSIONERS AT-LARGE (DEM),Sally Greene,DEM,11203
16,GATES COUNTY BOARD OF EDUCATION DISTRICT 1,Sallie J. Ryan,,2083
22,BLADEN COUNTY BOARD OF EDUCATION DISTRICT 1 (DEM),Sabrina Murchison,DEM,578
7,MONTGOMERY COUNTY BOARD OF COMMISSIONERS AT-LARGE (DEM),Sabrena Conrad,DEM,848
39,COLUMBUS COUNTY SHERIFF (REP),S. Jody Greene,REP,1412
1539,US HOUSE OF REPRESENTATIVES DISTRICT 06 (DEM),Ryan Watts,DEM,26072
1493,NC STATE SENATE DISTRICT 42 (REP),Ryan Huffman,REP,2236
25,COLUMBUS COUNTY BOARD OF COMMISSIONERS DISTRICT 1 (DEM),Ryan Featherson,DEM,154
16,VANCE COUNTY BOARD OF EDUCATION DISTRICT 7 (DEM),Ruth McCune Hartness,DEM,579
1151,NC HOUSE OF REPRESENTATIVES DISTRICT 048 (REP),Russell Walker,REP,824
10,BLADEN COUNTY BOARD OF COMMISSIONERS DISTRICT 3 (DEM),Russell Priest,DEM,800
13,CRAVEN COUNTY BOARD OF COMMISSIONERS DISTRICT 5 (DEM),"Rufus Carter, Jr.",DEM,281
6,AVERY COUNTY BOARD OF COMMISSIONERS (REP),Rose Trivett Gates,REP,836
1107,NC HOUSE OF REPRESENTATIVES DISTRICT 033 (DEM),Rosa U. Gill,DEM,3514
7,POLK COUNTY SHERIFF (DEM),Ronnie Smith,DEM,346
16,ROBESON COUNTY SHERIFF (DEM),Ronnie Patterson,DEM,7322
12,DARE COUNTY BOARD OF COMMISSIONERS DISTRICT 2 (REP),Ronnie Merrell,REP,1266
16,BUNCOMBE COUNTY SHERIFF (DEM),Rondell Lance,DEM,784
13,GRANVILLE COUNTY SHERIFF (DEM),Ronald M. Smith,DEM,597
22,ROBESON COUNTY BOARD OF EDUCATION DISTRICT 6,Ronald Hammonds (Write-In),,1
9,ROBESON COUNTY BOARD OF COMMISSIONERS DISTRICT 6 (REP),Ronald G. Hammonds,REP,174
18,MOORE COUNTY SHERIFF (REP),Ronald Alan (Ronnie) Fields,REP,6609
6,ROCKINGHAM COUNTY BOARD OF EDUCATION AT-LARGE (REP),Ron Price,REP,2667
1619,DISTRICT ATTORNEY DISTRICT 22 (REP),Ron Bradsher,REP,2145
1247,NC HOUSE OF REPRESENTATIVES DISTRICT 080 (REP),Roger Younts,REP,3098
8,MONTGOMERY COUNTY SHERIFF (DEM),Roger Roberts,DEM,1552
1605,DISTRICT ATTORNEY DISTRICT 16 (DEM),Roger Echols,DEM,12696
1305,NC HOUSE OF REPRESENTATIVES DISTRICT 099 (DEM),Rodney W. Moore,DEM,879
12,CAMDEN COUNTY SHERIFF (REP),Rodney L. Meads,REP,568
19,WILKES COUNTY BOARD OF COMMISSIONERS (REP),Rodney Buff,REP,998
1482,NC STATE SENATE DISTRICT 38 (DEM),Roderick Davis,DEM,631
7,BOARD OF EDUCATION,Robin McClees Dunbar,,272
9,DAVIE COUNTY BOARD OF COMMISSIONERS (REP),Robert Wisecarver,REP,2303
4,NORTHAMPTON COUNTY BOARD OF COMMISSIONERS DISTRICT 4 (DEM),Robert V. Carter,DEM,1685
13,CLAY COUNTY SHERIFF (REP),Robert Tison,REP,240
1547,US HOUSE OF REPRESENTATIVES DISTRICT 09 (REP),Robert Pittenger,REP,16474
19,WARREN COUNTY BOARD OF EDUCATION DISTRICT 4,Robert Moore,,401
16,SAMPSON COUNTY BOARD OF EDUCATION,"Robert M. Burley, Jr.",,580
19,WILKES COUNTY BOARD OF COMMISSIONERS (REP),Robert L. Wood,REP,1227
980034,TOWN OF SHARPSBURG MAYOR,"Robert L. Williams, Jr.",,169
6,ALAMANCE COUNTY BOARD OF COMMISSIONERS (REP),Robert L. Simpson,REP,3797
1266,NC HOUSE OF REPRESENTATIVES DISTRICT 086 (DEM),Robert Griner,DEM,400
15,RANDOLPH COUNTY SHERIFF (REP),Robert Graves,REP,6290
13,WAKE COUNTY BOARD OF COMMISSIONERS DISTRICT 5 (DEM),"Robert Finch, Sr.",DEM,10308
4,ALAMANCE COUNTY BOARD OF COMMISSIONERS (DEM),Robert E. (Bob) Byrd,DEM,3902
13,GRANVILLE COUNTY SHERIFF (DEM),"Robert D. Fountain, Jr.",DEM,1402
21,CARTERET COUNTY BOARD OF EDUCATION DISTRICT 3 (REP),Robert Clark Jenkins,REP,1070
1286,NC HOUSE OF REPRESENTATIVES DISTRICT 093 (REP),Robert Block,REP,1245
15,BRUNSWICK COUNTY BOARD OF EDUCATION DISTRICT 5 (REP),Robert B. Cruse,REP,1396
7,CLAY COUNTY BOARD OF EDUCATION (REP),Robert (Robbie) Caldwell,REP,1297
1,GATES COUNTY SHERIFF (DEM),Robert (O.J.) Jordan,DEM,813
4,GREENE COUNTY BOARD OF COMMISSIONERS DISTRICT 4 (DEM),Robert (Bobby) Glossip,DEM,677
1469,NC STATE SENATE DISTRICT 34 (REP),Robert (Bob) Rucho,REP,3636
1,NEW HANOVER COUNTY BOARD OF COMMISSIONERS (DEM),Rob Zapple,DEM,7215
12,DARE COUNTY BOARD OF COMMISSIONERS DISTRICT 2 (REP),Rob Ross,REP,1407
16,GRANVILLE COUNTY BOARD OF EDUCATION DISTRICT 3,Rob Rivers,,355
1,RICHMOND COUNTY BOARD OF COMMISSIONERS (DEM),Rick Watkins,DEM,1950
10,WAYNE COUNTY BOARD OF EDUCATION DISTRICT 6,Rick Pridgen,,434
9,STOKES COUNTY BOARD OF COMMISSIONERS (REP),Rick Morris,REP,1240
15,DARE COUNTY BOARD OF EDUCATION DISTRICT 1 (REP),Rick Casey,REP,1030
36,STANLY COUNTY SHERIFF (REP),Rick Burris,REP,817
9,CABARRUS COUNTY SHERIFF (REP),Rick Barrett,REP,912
13,DAVIDSON COUNTY SHERIFF (REP),Richie Simmons,REP,11329
21,ROBESON COUNTY BOARD OF EDUCATION DISTRICT 3,Richard Monroe (Write-In),,1
23,ROBESON COUNTY BOARD OF EDUCATION DISTRICT 8,Richard Monroe,,1456
1533,US HOUSE OF REPRESENTATIVES DISTRICT 04 (DEM),Richard L. Watkins,DEM,4391
3,JOHNSTON COUNTY BOARD OF COMMISSIONERS DISTRICT 3 (REP),Richard D. (Dickie) Braswell,REP,4351
1167,NC HOUSE OF REPRESENTATIVES DISTRICT 053 (DEM),Richard Chapman,DEM,1640
12,PITT COUNTY BOARD OF COMMISSIONERS DISTRICT 3 (REP),Richard Allsbrook,REP,976
16,NORTHAMPTON COUNTY BOARD OF EDUCATION,Rhonda Taylor,,2461
3,ONSLOW COUNTY BOARD OF COMMISSIONERS (REP),Reva R. Sullivan,REP,3207
22,PENDER COUNTY BOARD OF EDUCATION DISTRICT 4 (DEM),Reginald Terrell Moore,DEM,826
9,HENDERSON COUNTY BOARD OF COMMISSIONERS DISTRICT 4 (REP),Rebecca McCall,REP,6148
1,HALIFAX COUNTY BOARD OF COMMISSIONERS AT-LARGE (DEM),Rebecca Lynch Copeland,DEM,2996
1071,NC HOUSE OF REPRESENTATIVES DISTRICT 021 (DEM),Raymond Smith,DEM,1511
6,GRAHAM COUNTY BOARD OF COMMISSIONERS (REP),Raymond David Williams Sr.,REP,538
46,LINCOLN COUNTY BOARD OF COMMISSIONERS (REP),Raye Watson-Smyth,REP,1734
1,MECKLENBURG COUNTY BOARD OF COMMISSIONERS AT-LARGE (DEM),Ray McKinnon,DEM,21007
10,GATES COUNTY BOARD OF COMMISSIONERS GATES DISTRICT (DEM),Ray Freeman,DEM,1085
1,GATES COUNTY SHERIFF (DEM),Ray Campbell,DEM,879
980034,TOWN OF SHARPSBURG MAYOR,Randy Weaver,,162
6,BRUNSWICK COUNTY BOARD OF COMMISSIONERS DISTRICT 1 (REP),Randy Thompson,REP,4238
16,BUNCOMBE COUNTY SHERIFF (DEM),Randy Smart,DEM,5847
1,YANCEY COUNTY BOARD OF COMMISSIONERS (DEM),Randy Ollis,DEM,836
1,GATES COUNTY SHERIFF (DEM),Randy Hathaway,DEM,279
1,YANCEY COUNTY BOARD OF COMMISSIONERS (DEM),Randy Griggs,DEM,285
16,ROBESON COUNTY SHERIFF (DEM),Randy Graham,DEM,2577
15,PENDER COUNTY SHERIFF (REP),Randy Burton,REP,774
1393,NC STATE SENATE DISTRICT 08 (LIB),Randolph W. (Randy) Crow,LIB,38
26,WILKES COUNTY BOARD OF EDUCATION,Randall (Rudy) Holbrook,,4122
24,PITT COUNTY SHERIFF (REP),Randall (Randy) Mitchell,REP,1640
10,HALIFAX COUNTY BOARD OF EDUCATION,Rachel Lynch,,1243
12,JOHNSTON COUNTY BOARD OF COMMISSIONERS DISTRICT 7 (REP),"R.S. (Butch) Lawter, Jr.",REP,4968
4,TYRRELL COUNTY SHERIFF (DEM),R. Kevin Sawyer,DEM,360
16,BUNCOMBE COUNTY SHERIFF (DEM),R. Daryl Fisher,DEM,3354
14,SURRY COUNTY BOARD OF EDUCATION DISTRICT 2,R. D. Bingman,,1747
6,RUTHERFORD COUNTY BOARD OF EDUCATION DISTRICT 1 (REP),R. A. (Rick) Henson,REP,2577
16,BUNCOMBE COUNTY SHERIFF (DEM),Quentin Miller,DEM,13221
19,MECKLENBURG COUNTY BOARD OF COMMISSIONERS DISTRICT 4 (DEM),Queen Thompson,DEM,2200
1305,NC HOUSE OF REPRESENTATIVES DISTRICT 099 (DEM),Priscilla (PJ) Johnson,DEM,1187
1137,NC HOUSE OF REPRESENTATIVES DISTRICT 043 (DEM),Prince Christian,DEM,133
1554,US HOUSE OF REPRESENTATIVES DISTRICT 11 (DEM),Phillip G. Price,DEM,13499
4,HAYWOOD COUNTY BOARD OF COMMISSIONERS (REP),Phillip Coker Wight,REP,1059
1529,US HOUSE OF REPRESENTATIVES DISTRICT 03 (REP),Phil Law,REP,14341
1,SWAIN COUNTY BOARD OF COMMISSIONERS CHAIRMAN (DEM),Phil Carson,DEM,560
7,BEAUFORT COUNTY SHERIFF (DEM),"Petre Earl Franks, Sr.",DEM,644
1460,NC STATE SENATE DISTRICT 31 (REP),Peter Antinozzi,REP,593
13,CHATHAM COUNTY SHERIFF (DEM),Percy Crutchfield,DEM,3951
21,ROBESON COUNTY BOARD OF EDUCATION DISTRICT 3,Peggy Wilkins Chavis,,724
23,ROBESON COUNTY BOARD OF EDUCATION DISTRICT 8,Peggy Wilkins (Write-In),,1
1,RICHMOND COUNTY BOARD OF COMMISSIONERS (DEM),Peggy Covington,DEM,1200
20,ROBESON COUNTY BOARD OF EDUCATION DISTRICT 2,Peggy Chavis (Write-In),,1
9,DURHAM COUNTY BOARD OF EDUCATION DISTRICT 1,Pebble Lindsay-Lucas,,2825
1,CAMDEN COUNTY CLERK OF SUPERIOR COURT (DEM),Paula J. Harrison,DEM,520
6,ROCKINGHAM COUNTY BOARD OF EDUCATION AT-LARGE (REP),Paula Harvell Rakestraw,REP,3199
22,PITT COUNTY SHERIFF (DEM),Paula Dance,DEM,8224
1556,US HOUSE OF REPRESENTATIVES DISTRICT 12 (REP),Paul Wright,REP,3221
11,PAMLICO COUNTY BOARD OF EDUCATION AT-LARGE,"Paul J. Delamar, Jr.",,1383
27,CHEROKEE COUNTY BOARD OF EDUCATION DISTRICT III (REP),Paul H. Brown,REP,1607
1556,US HOUSE OF REPRESENTATIVES DISTRICT 12 (REP),Paul Bonham,REP,2349
1557,US HOUSE OF REPRESENTATIVES DISTRICT 12 (DEM),Patrick Register,DEM,2074
1,HALIFAX COUNTY BOARD OF COMMISSIONERS AT-LARGE (DEM),Patrick Qualls,DEM,4394
1139,NC HOUSE OF REPRESENTATIVES DISTRICT 044 (REP),Patrick Petsche,REP,758
1550,US HOUSE OF REPRESENTATIVES DISTRICT 10 (REP),Patrick McHenry,REP,34173
6,JOHNSTON COUNTY BOARD OF COMMISSIONERS DISTRICT 5 (REP),Patrick Harris,REP,4263
4,BUNCOMBE COUNTY BOARD OF COMMISSIONERS DISTRICT 2 (DEM),Patrick Fitzsimmons,DEM,1470
1058,NC HOUSE OF REPRESENTATIVES DISTRICT 017 (REP),Patricia (Pat) Sykes,REP,2015
1,HENDERSON COUNTY BOARD OF COMMISSIONERS DISTRICT 1 (DEM),Patricia (Pat) Sheley,DEM,2467
1046,NC HOUSE OF REPRESENTATIVES DISTRICT 013 (REP),Patricia (Pat) McElraft,REP,5746
10,AVERY COUNTY BOARD OF EDUCATION,Patricia (Pat) Edwards,,2151
1,MECKLENBURG COUNTY BOARD OF COMMISSIONERS AT-LARGE (DEM),Patricia (Pat) Cotham,DEM,37991
1607,DISTRICT ATTORNEY DISTRICT 17 (REP),Pat Nadolski,REP,3551
10,RICHMOND COUNTY BOARD OF EDUCATION,Pat Campbell,,2161
4,CLAY COUNTY BOARD OF COMMISSIONERS (REP),Pamela J. Bunch,REP,534
3,CARTERET COUNTY CLERK OF SUPERIOR COURT (REP),Pam Hanson,REP,3330
16,FRANKLIN COUNTY BOARD OF EDUCATION AT-LARGE,Paige Sayles,,3545
6,MOORE COUNTY BOARD OF COMMISSIONERS DISTRICT III (REP),Otis Ritter,REP,6354
13,VANCE COUNTY BOARD OF EDUCATION DISTRICT 6 (DEM),Omega T. Perry,DEM,125
1,HALIFAX COUNTY BOARD OF COMMISSIONERS AT-LARGE (DEM),O.D. Sykes,DEM,3335
1,GATES COUNTY SHERIFF (DEM),Nurnie E. Reid,DEM,149
1,MADISON COUNTY BOARD OF COMMISSIONERS (DEM),Norris Gentry,DEM,1549
1373,NC STATE SENATE DISTRICT 02 (REP),Norman Sanderson,REP,11293
1581,DISTRICT ATTORNEY DISTRICT 07 (DEM),Norlan Graves,DEM,8979
1,ORANGE COUNTY BOARD OF COMMISSIONERS AT-LARGE (DEM),Noah Oswald,DEM,1831
10,HALIFAX COUNTY BOARD OF EDUCATION,Nicole Mills,,1373
1,NORTHAMPTON COUNTY BOARD OF COMMISSIONERS DISTRICT 3 (DEM),Nicole J. Boone,DEM,1992
1,ROBESON COUNTY BOARD OF COMMISSIONERS DISTRICT 2 (DEM),Nick Evans,DEM,730
1298,NC HOUSE OF REPRESENTATIVES DISTRICT 097 (REP),Nic Haag,REP,1412
6,DAVIE COUNTY SHERIFF (REP),Nelson Turrentine,REP,239
4,GATES COUNTY CLERK OF SUPERIOR COURT (DEM),Nell F. Wiggins,DEM,1319
18,MOORE COUNTY SHERIFF (REP),Neil Godfrey,REP,5142
1431,NC STATE SENATE DISTRICT 21 (DEM),Naveed Aziz,DEM,5177
1352,NC HOUSE OF REPRESENTATIVES DISTRICT 115 (REP),Nathan West,REP,991
1019,NC HOUSE OF REPRESENTATIVES DISTRICT 004 (REP),Nathan Ray Riggs,REP,541
4,TYRRELL COUNTY SHERIFF (DEM),Nathan A. McPeak,DEM,208
1,GREENE COUNTY BOARD OF COMMISSIONERS DISTRICT 3 (DEM),Natasha Sutton,DEM,1247
8,DURHAM COUNTY BOARD OF EDUCATION DISTRICT 4,Natalie Beyer,,4869
1305,NC HOUSE OF REPRESENTATIVES DISTRICT 099 (DEM),Nasif Majeed,DEM,3010
4,BUNCOMBE COUNTY BOARD OF COMMISSIONERS DISTRICT 2 (DEM),Nancy Nehls Nelson,DEM,2413
1482,NC STATE SENATE DISTRICT 38 (DEM),Mujtaba A. Mohammed,DEM,6899
17,WARREN COUNTY BOARD OF EDUCATION DISTRICT 1,Ms. V. Lehman,,1397
1311,NC HOUSE OF REPRESENTATIVES DISTRICT 101 (DEM),Mr. Gregory J. Miller,DEM,372
1,PENDER COUNTY BOARD OF COMMISSIONERS DISTRICT 1 (DEM),Morgan A. Lashaw,DEM,1014
21,ROBESON COUNTY BOARD OF EDUCATION DISTRICT 3,Monica Graham (Write-In),,1
10,GATES COUNTY BOARD OF COMMISSIONERS GATES DISTRICT (DEM),Moe Brooks,DEM,968
24,STANLY COUNTY BOARD OF EDUCATION AT-LARGE (REP),Mitzi Webb,REP,2767
6,DAVIE COUNTY SHERIFF (REP),Mitchell W. Whitener,REP,1834
10,SCOTLAND COUNTY SHERIFF (DEM),Mitch Johnson,DEM,1629
7,SWAIN COUNTY CLERK OF SUPERIOR COURT (DEM),Misti Watson Jones,DEM,896
46,LINCOLN COUNTY BOARD OF COMMISSIONERS (REP),Milton H. Sigmon,REP,3128
1032,NC HOUSE OF REPRESENTATIVES DISTRICT 008 (DEM),Mildred Atkinson Council,DEM,1988
22,ROBESON COUNTY BOARD OF EDUCATION DISTRICT 6,Mike Smith,,1170
19,ORANGE COUNTY BOARD OF EDUCATION,Mike O'Hagerty,,969
15,HAYWOOD COUNTY TAX COLLECTOR (REP),Mike Matthews,REP,1011
9,DURHAM COUNTY BOARD OF EDUCATION DISTRICT 1,Mike Lee,,3776
6,CURRITUCK COUNTY BOARD OF COMMISSIONERS AT-LARGE (REP),Mike Hall,REP,1183
9,STANLY COUNTY BOARD OF COMMISSIONERS DISTRICT 1 (REP),Mike Barbee,REP,3621
4,DURHAM COUNTY SHERIFF (DEM),Mike Andrews,DEM,9758
23,ROBESON COUNTY BOARD OF EDUCATION DISTRICT 8,Michica Bowden (Write-In),,1
1442,NC STATE SENATE DISTRICT 25 (REP),Michelle Lexo,REP,5701
1533,US HOUSE OF REPRESENTATIVES DISTRICT 04 (DEM),Michelle Laws,DEM,11120
1,HENDERSON COUNTY BOARD OF COMMISSIONERS DISTRICT 1 (DEM),Michelle Antalec,DEM,1023
1016,NC HOUSE OF REPRESENTATIVES DISTRICT 003 (REP),Michael Speciale,REP,2947
3,MCDOWELL COUNTY BOARD OF COMMISSIONERS (REP),Michael Seay,REP,581
13,CHATHAM COUNTY SHERIFF (DEM),Michael R. (Mike) Roberson,DEM,6315
18,ROWAN COUNTY BOARD OF COMMISSIONERS (REP),Michael Julian,REP,2214
16,FRANKLIN COUNTY BOARD OF EDUCATION AT-LARGE,Michael J. Hurt,,2287
21,STANLY COUNTY CLERK OF SUPERIOR COURT (REP),Michael Huneycutt,REP,5174
4,HALIFAX COUNTY CLERK OF SUPERIOR COURT (DEM),"Michael Hawkins, Sr.",DEM,3731
1089,NC HOUSE OF REPRESENTATIVES DISTRICT 027 (DEM),Michael H. Wray,DEM,7319
1203,NC HOUSE OF REPRESENTATIVES DISTRICT 065 (DEM),Michael H. (Mike) Lee,DEM,1394
21,STANLY COUNTY CLERK OF SUPERIOR COURT (REP),Michael Greene,REP,1907
4,BERTIE COUNTY BOARD OF COMMISSIONERS DISTRICT 2 (DEM),Michael Freeman,DEM,1613
7,DAVIDSON COUNTY REGISTER OF DEEDS (REP),Michael E. Horne,REP,10276
4,CASWELL COUNTY SHERIFF (DEM),Michael Dodson,DEM,1964
4,CALDWELL COUNTY BOARD OF COMMISSIONERS (DEM),Michael D. Careccia,DEM,507
1256,NC HOUSE OF REPRESENTATIVES DISTRICT 083 (REP),Michael Anderson,REP,1485
3,ALAMANCE COUNTY CLERK OF SUPERIOR COURT (REP),Meredith Tuck Edwards,REP,4380
21,ROBESON COUNTY BOARD OF EDUCATION DISTRICT 3,Melissa Ocean (Write-In),,1
19,VANCE COUNTY SHERIFF (DEM),Melissa Elliott,DEM,662
20,ROBESON COUNTY BOARD OF EDUCATION DISTRICT 2,Melissa Davis Ocean,,807
22,FRANKLIN COUNTY BOARD OF EDUCATION SEAT 5,Meghan Jordan,,674
6,ALLEGHANY COUNTY BOARD OF COMMISSIONERS (REP),Mechelle K. Luffman,REP,370
6,BURKE COUNTY BOARD OF COMMISSIONERS (REP),Maynard Taylor,REP,1995
3,MCDOWELL COUNTY BOARD OF COMMISSIONERS (REP),Matthew Crawford,REP,1070
4,SCOTLAND COUNTY BOARD OF COMMISSIONERS STEWARTSVILLE TWP (DEM),Matthew Block,DEM,1829
3,MITCHELL COUNTY BOARD OF COMMISSIONERS (REP),Matthew (Vern) Grindstaff,REP,1292
10,BOARD OF EDUCATION,Matthew (Matt) Peeler,,493
10,BOARD OF EDUCATION,"Matthew ""Matt"" Peeler",,0
7,DURHAM COUNTY BOARD OF EDUCATION DISTRICT 3,Matt Sears,,6710
1614,DISTRICT ATTORNEY DISTRICT 20 (DEM),Matt Scott,DEM,11773
4,WAKE COUNTY BOARD OF COMMISSIONERS DISTRICT 2 (DEM),Matt Calabria,DEM,32372
15,CURRITUCK COUNTY SHERIFF (REP),Matt Beickert,REP,2285
7,PITT COUNTY BOARD OF COMMISSIONERS DISTRICT 2 (DEM),Mary Perkins Williams,DEM,1106
21,ROBESON COUNTY BOARD OF EDUCATION DISTRICT 3,Mary Klinikowski (Write-In),,1
23,CITY OF LINCOLNTON CITY COUNCIL WARD 1 (DEM),Mary Frances White,DEM,624
1670,DISTRICT ATTORNEY DISTRICT 42 (REP),Mary Ann J. Hollocker,REP,5303
3,IREDELL COUNTY BOARD OF COMMISSIONERS (REP),Marvin Norman,REP,4987
16,WASHINGTON COUNTY SHERIFF (DEM),Marvin L. Franklin,DEM,264
7,MARTIN COUNTY SHERIFF (DEM),Marvin Hilliard,DEM,1637
19,EDGECOMBE COUNTY BOARD OF EDUCATION DISTRICT 7,Marva G. Scott,,179
1499,NC STATE SENATE DISTRICT 44 (REP),Martin Oakes,REP,2370
1074,NC HOUSE OF REPRESENTATIVES DISTRICT 022 (DEM),Martin (Tony) Denning,DEM,2858
3,CITY OF ALBEMARLE CITY COUNCIL (AT-LARGE) (REP),Martha E. Hughes,REP,968
4,GATES COUNTY CLERK OF SUPERIOR COURT (DEM),Marsha F. Langston,DEM,778
23,FRANKLIN COUNTY BOARD OF COMMISSIONERS DISTRICT 3 (DEM),Mark Speed,DEM,602
1,MADISON COUNTY BOARD OF COMMISSIONERS (DEM),Mark Snelson,DEM,1589
6,DAVIE COUNTY SHERIFF (REP),Mark S. Howell,REP,267
4,HAYWOOD COUNTY BOARD OF COMMISSIONERS (REP),Mark Pless,REP,1162
27,CHEROKEE COUNTY BOARD OF EDUCATION DISTRICT III (REP),Mark Patterson,REP,1786
1553,US HOUSE OF REPRESENTATIVES DISTRICT 11 (REP),Mark Meadows,REP,35665
1184,NC HOUSE OF REPRESENTATIVES DISTRICT 059 (REP),Mark McDaniel,REP,1013
39,COLUMBUS COUNTY SHERIFF (REP),Mark Lewis,REP,246
10,ORANGE COUNTY CLERK OF SUPERIOR COURT (DEM),Mark Kleinschmidt,DEM,9955
19,MECKLENBURG COUNTY BOARD OF COMMISSIONERS DISTRICT 4 (DEM),Mark Jerrell,DEM,4057
1493,NC STATE SENATE DISTRICT 42 (REP),Mark Hollo,REP,6506
1547,US HOUSE OF REPRESENTATIVES DISTRICT 09 (REP),Mark Harris,REP,17302
6,ALLEGHANY COUNTY BOARD OF COMMISSIONERS (REP),Mark Evans,REP,583
19,SURRY COUNTY BOARD OF COMMISSIONERS CENTRAL DISTRICT (REP),Mark A. Marion,REP,2589
16,NORTHAMPTON COUNTY BOARD OF EDUCATION,Marjorie Edwards,,2074
12,CURRITUCK COUNTY BOARD OF COMMISSIONERS DISTRICT 5 (REP),Marion Gilbert,REP,906
28,JACKSON COUNTY BOARD OF EDUCATION DISTRICT 5,Margaret M. McRae,,2579
13,VANCE COUNTY BOARD OF EDUCATION DISTRICT 6 (DEM),Margaret A. Ellis,DEM,394
16,VANCE COUNTY BOARD OF EDUCATION DISTRICT 7 (DEM),Marcia Lynnette Allen,DEM,262
1545,US HOUSE OF REPRESENTATIVES DISTRICT 08 (DEM),Marc Tiegel,DEM,5992
14,SURRY COUNTY BOARD OF EDUCATION DISTRICT 2,Mamie McKinney Sutphin,,4164
10,FORSYTH COUNTY BOARD OF EDUCATION DISTRICT 1 (DEM),Malishai (Shai) Woodbury,DEM,3001
9,POLK COUNTY SHERIFF (REP),M. Darryl Bailey,REP,713
18,WARREN COUNTY BOARD OF EDUCATION DISTRICT 2,Lynne Lassiter,,500
6,CABARRUS COUNTY BOARD OF COMMISSIONERS (REP),Lynn Shue,REP,6716
23,ROBESON COUNTY BOARD OF EDUCATION DISTRICT 8,Lynn Locklear (Write-In),,11
22,ROBESON COUNTY BOARD OF EDUCATION DISTRICT 6,Lynn Locklear,,645
6,GRAHAM COUNTY BOARD OF COMMISSIONERS (REP),Lynn Cody,REP,751
1416,NC STATE SENATE DISTRICT 16 (DEM),Luis Toledo,DEM,6890
16,NORTHAMPTON COUNTY BOARD OF EDUCATION,Lucy M. Edwards,,2493
1311,NC HOUSE OF REPRESENTATIVES DISTRICT 101 (DEM),Lucille Puckett,DEM,1463
18,HENDERSON COUNTY SHERIFF (REP),Lowell Griffin,REP,7343
12,DAVIE COUNTY BOARD OF EDUCATION (REP),Lori Sluder Smith,REP,4069
15,FORSYTH COUNTY BOARD OF EDUCATION DISTRICT 2 (REP),Lori Goins Clark,REP,6244
1383,NC STATE SENATE DISTRICT 05 (DEM),Lonnie Carraway,DEM,3224
1470,NC STATE SENATE DISTRICT 34 (DEM),Lisaney Kong,DEM,658
1028,NC HOUSE OF REPRESENTATIVES DISTRICT 007 (REP),Lisa Stone Barnes,REP,2203
1373,NC STATE SENATE DISTRICT 02 (REP),Lisa Oakley,REP,3510
19,ORANGE COUNTY BOARD OF EDUCATION,Lisa Knapp (Write-In),,13
7,CUMBERLAND COUNTY CLERK OF SUPERIOR COURT (DEM),Lisa A. Scales,DEM,12946
4,WAKE COUNTY BOARD OF COMMISSIONERS DISTRICT 2 (DEM),Lindy M. Brown,DEM,30339
20,ROBESON COUNTY BOARD OF EDUCATION DISTRICT 2,Lindor Morrison (Write-In),,1
15,GUILFORD COUNTY BOARD OF EDUCATION DISTRICT 4 (REP),Linda Welborn,REP,1525
1,SCOTLAND COUNTY BOARD OF COMMISSIONERS SPRING HILL TOWNSHIP (DEM),Linda Tindall,DEM,1316
21,ROBESON COUNTY BOARD OF EDUCATION DISTRICT 3,Linda O. Emanuel,,1054
20,ROBESON COUNTY BOARD OF EDUCATION DISTRICT 2,Linda Emanuel (Write-In),,5
23,ROBESON COUNTY BOARD OF EDUCATION DISTRICT 8,Linda Emanuel (Write-In),,9
1139,NC HOUSE OF REPRESENTATIVES DISTRICT 044 (REP),Linda Devore,REP,1531
1527,US HOUSE OF REPRESENTATIVES DISTRICT 02 (DEM),Linda Coleman,DEM,18650
18,WARREN COUNTY BOARD OF EDUCATION DISTRICT 2,Linda Byrd,,872
15,FORSYTH COUNTY BOARD OF EDUCATION DISTRICT 2 (REP),Lida Calvert Hayes,REP,6084
37,COLUMBUS COUNTY SHERIFF (DEM),Lewis L. Hatcher,DEM,3602
18,GATES COUNTY BOARD OF EDUCATION DISTRICT 5,Leslie S. Byrum,,1993
1068,NC HOUSE OF REPRESENTATIVES DISTRICT 020 (DEM),Leslie Cohen,DEM,2105
1,HERTFORD COUNTY BOARD OF COMMISSIONERS DISTRICT 1 (DEM),Leroy Douglas,DEM,1524
17,GRANVILLE COUNTY BOARD OF EDUCATION DISTRICT 4,"Leonard E. Peace, Sr.",,344
10,HERTFORD COUNTY SHERIFF (DEM),Leon Eason,DEM,997
16,DAVIDSON COUNTY CLERK OF SUPERIOR COURT (REP),Leigh Truelove,REP,8009
19,MECKLENBURG COUNTY BOARD OF COMMISSIONERS DISTRICT 4 (DEM),Leigh Altman,DEM,3689
7,ANSON COUNTY BOARD OF COMMISSIONERS DISTRICT 5 (DEM),"Lee Roy Lookabill, Jr.",DEM,172
9,JOHNSTON COUNTY BOARD OF COMMISSIONERS DISTRICT 6 (UNEXPIRED (REP),Lee Jackson,REP,3081
1568,DISTRICT ATTORNEY DISTRICT 03 (REP),Lee Allen,REP,3058
15,FORSYTH COUNTY BOARD OF EDUCATION DISTRICT 2 (REP),Leah H. Crowley,REP,5308
7,ANSON COUNTY BOARD OF COMMISSIONERS DISTRICT 5 (DEM),Lawrence Gatewood,DEM,309
1074,NC HOUSE OF REPRESENTATIVES DISTRICT 022 (DEM),Lawrence A. Aycock,DEM,2195
19,GUILFORD COUNTY BOARD OF EDUCATION DISTRICT 8 (DEM),Laverne Carter,DEM,389
3,CUMBERLAND COUNTY SHERIFF (REP),LaRue Windham,REP,944
1013,NC HOUSE OF REPRESENTATIVES DISTRICT 002 (REP),Larry Yarborough,REP,1519
1250,NC HOUSE OF REPRESENTATIVES DISTRICT 081 (REP),Larry W. Potts,REP,7697
4,SURRY COUNTY BOARD OF COMMISSIONERS MOUNT AIRY DISTRICT (REP),Larry R. Phillips,REP,2274
13,GRAHAM COUNTY SHERIFF (DEM),Larry Icenhower,DEM,57
1256,NC HOUSE OF REPRESENTATIVES DISTRICT 083 (REP),Larry G. Pittman,REP,2596
6,ASHE COUNTY BOARD OF COMMISSIONERS (REP),Larry Dix,REP,1389
15,PENDER COUNTY SHERIFF (REP),Larry Brown,REP,257
6,STANLY COUNTY BOARD OF COMMISSIONERS AT-LARGE (REP),Lane Furr,REP,3702
25,ANSON COUNTY SHERIFF (DEM),Landric Reid,DEM,1961
4,DAVIDSON COUNTY BOARD OF COMMISSIONERS (REP),Lance Barrett,REP,5488
20,ROBESON COUNTY BOARD OF EDUCATION DISTRICT 2,LaKishia Spaulding Sweat,,266
10,SURRY COUNTY CLERK OF SUPERIOR COURT (REP),L. Neil Brendle,REP,2958
9,PERSON COUNTY BOARD OF COMMISSIONERS (REP),Kyle W. Puryear,REP,698
1542,US HOUSE OF REPRESENTATIVES DISTRICT 07 (DEM),Kyle Horton,DEM,21494
130010,KANNAPOLIS CITY SCHOOLS BOARD OF EDUCATION AREA I,Kristina Tutterow Cook,,784
6,TRANSYLVANIA COUNTY CLERK OF SUPERIOR COURT (REP),Kristi B. Brown,REP,2195
4,ALAMANCE COUNTY BOARD OF COMMISSIONERS (DEM),Kristen Powers,DEM,4220
6,CATAWBA COUNTY BOARD OF COMMISSIONERS (REP),Kitty Barnes,REP,11498
7,BOARD OF EDUCATION,Kisha D. Norman,,103
1425,NC STATE SENATE DISTRICT 19 (DEM),Kirk DeViere,DEM,5257
6,ROCKINGHAM COUNTY BOARD OF EDUCATION AT-LARGE (REP),Kimberly W. McMichael,REP,3669
1382,NC STATE SENATE DISTRICT 05 (REP),Kimberly Robb,REP,4189
16,SAMPSON COUNTY BOARD OF EDUCATION,Kim Schmidlin,,742
3,CATAWBA COUNTY CLERK OF SUPERIOR COURT (REP),Kim Richards Sigmon,REP,10556
8,SURRY COUNTY CLERK OF SUPERIOR COURT (DEM),Kim Goings Thomas,DEM,1315
23,JACKSON COUNTY CLERK OF SUPERIOR COURT (DEM),Kim Coggins Poteet,DEM,751
16,GUILFORD COUNTY BOARD OF EDUCATION DISTRICT 6 (DEM),Khem Denise Irby,DEM,1528
6,SWAIN COUNTY BOARD OF COMMISSIONERS MEMBERS (REP),Kevin Seagle,REP,276
12,CAMDEN COUNTY SHERIFF (REP),Kevin Jones,REP,576
9,AVERY COUNTY SHERIFF (REP),Kevin Frye,REP,1702
6,CURRITUCK COUNTY BOARD OF COMMISSIONERS AT-LARGE (REP),Kevin E. McCord,REP,1736
6,DAVIE COUNTY SHERIFF (REP),Kevin Curtiss,REP,93
25,ANSON COUNTY SHERIFF (DEM),Kevin (Catfish) Marshall,DEM,267
13,GRAHAM COUNTY SHERIFF (DEM),Kent Williams,DEM,213
23,ROBESON COUNTY BOARD OF EDUCATION DISTRICT 8,Kenneth Jones (Write-In),,1
3,MITCHELL COUNTY BOARD OF COMMISSIONERS (REP),Ken W. Hollifield,REP,682
1527,US HOUSE OF REPRESENTATIVES DISTRICT 02 (DEM),Ken Romley,DEM,10742
13,ONSLOW COUNTY BOARD OF EDUCATION (REP),Ken Reddic,REP,4883
3,CARTERET COUNTY CLERK OF SUPERIOR COURT (REP),Ken Raper,REP,3862
26,JACKSON COUNTY BOARD OF EDUCATION DISTRICT 2,Ken Henke,,1792
1163,NC HOUSE OF REPRESENTATIVES DISTRICT 052 (REP),Ken Byrd,REP,4015
7,HOKE COUNTY SHERIFF (DEM),Kemp Crumpler,DEM,663
13,SAMPSON COUNTY SHERIFF (DEM),Kemely Pickett,DEM,1236
7,NORTHAMPTON COUNTY BOARD OF COMMISSIONERS DISTRICT 5 (DEM),Kelvin Edwards,DEM,2239
7,CLAY COUNTY BOARD OF EDUCATION (REP),Kelly L. Crawford,REP,1280
1337,NC HOUSE OF REPRESENTATIVES DISTRICT 110 (REP),Kelly E. Hastings,REP,2038
1557,US HOUSE OF REPRESENTATIVES DISTRICT 12 (DEM),Keith Young,DEM,2549
7,GUILFORD COUNTY BOARD OF EDUCATION AT-LARGE (DEM),"Keith McInnis, Sr.",DEM,3977
1244,NC HOUSE OF REPRESENTATIVES DISTRICT 079 (REP),Keith Kidwell,REP,4176
15,GRAHAM COUNTY SHERIFF (REP),Keith Eller,REP,278
12,ROCKINGHAM COUNTY BOARD OF COMMISSIONERS (REP),Keith (Zero) Mabe,REP,1676
10,BOARD OF EDUCATION,Keisha Darden (Write-In),,10
15,CHEROKEE COUNTY BOARD OF EDUCATION AT-LARGE (REP),Keesha Curtis,REP,1719
17,GRANVILLE COUNTY BOARD OF EDUCATION DISTRICT 4,Katrina Burton Waters,,278
7,DURHAM COUNTY BOARD OF EDUCATION DISTRICT 3,Katie E. Jones,,2539
10,AVERY COUNTY BOARD OF EDUCATION,Katie Calloway,,532
1560,US HOUSE OF REPRESENTATIVES DISTRICT 13 (DEM),Kathy Manning,DEM,19554
6,ALLEGHANY COUNTY BOARD OF COMMISSIONERS (REP),Kathy A. Murphy,REP,277
9,ALLEGHANY COUNTY BOARD OF EDUCATION (REP),Kathleen Hamm,REP,220
1182,NC HOUSE OF REPRESENTATIVES DISTRICT 058 (DEM),Katelyn (Kate) Flippen,DEM,1027
4,DAVIDSON COUNTY BOARD OF COMMISSIONERS (REP),Karen Watford,REP,10008
7,ALLEGHANY COUNTY BOARD OF EDUCATION (DEM),Karen Gambill Leys,DEM,597
7,BOARD OF EDUCATION,Karen Clough,,388
1184,NC HOUSE OF REPRESENTATIVES DISTRICT 059 (REP),Karen C. Albright,REP,206
7,MADISON BOARD OF EDUCATION CHAIR (DEM),Karen Blevins,DEM,1316
1032,NC HOUSE OF REPRESENTATIVES DISTRICT 008 (DEM),Kandie D. Smith,DEM,2791
1208,NC HOUSE OF REPRESENTATIVES DISTRICT 067 (REP),Justin P. Burr,REP,3874
22,PENDER COUNTY BOARD OF EDUCATION DISTRICT 4 (DEM),June M. Robbins,DEM,1262
1,NEW HANOVER COUNTY BOARD OF COMMISSIONERS (DEM),Julia Olson-Boseman,DEM,7894
11,PAMLICO COUNTY BOARD OF EDUCATION AT-LARGE,Judy Lee Humphries,,1227
18,ROWAN COUNTY BOARD OF COMMISSIONERS (REP),Judy Klusman,REP,4706
1,HERTFORD COUNTY BOARD OF COMMISSIONERS DISTRICT 1 (DEM),"Juan Vaughan, Sr.",DEM,1105
4,NORTHAMPTON COUNTY BOARD OF COMMISSIONERS DISTRICT 4 (DEM),Joyce V. Buffaloe,DEM,2215
10,HALIFAX COUNTY BOARD OF EDUCATION,Joyce Silver Lashley,,2944
1460,NC STATE SENATE DISTRICT 31 (REP),Joyce Krawiec,REP,6436
1314,NC HOUSE OF REPRESENTATIVES DISTRICT 102 (DEM),Josh Jarrett,DEM,1008
1049,NC HOUSE OF REPRESENTATIVES DISTRICT 014 (REP),Joseph R. McLaughlin,REP,1917
15,STANLY COUNTY BOARD OF COMMISSIONERS DISTRICT 3 (REP),Joseph L. Burleson,REP,3146
15,GRAHAM COUNTY SHERIFF (REP),Joseph Jones,REP,603
4,HYDE COUNTY BOARD OF COMMISSIONERS SWAN QUARTER TOWNSHIP (DEM),Joseph (Joey) Williams,DEM,285
6,ASHE COUNTY BOARD OF COMMISSIONERS (REP),Joseph (Joe) Miller,REP,585
6,AVERY COUNTY BOARD OF COMMISSIONERS (REP),Jonathan Sheppard,REP,804
1286,NC HOUSE OF REPRESENTATIVES DISTRICT 093 (REP),Jonathan C. Jordan,REP,4562
36,STANLY COUNTY SHERIFF (REP),Jonathan Barbee,REP,542
43,LINCOLN COUNTY SHERIFF (REP),Jon Propst,REP,776
1184,NC HOUSE OF REPRESENTATIVES DISTRICT 059 (REP),Jon Hardister,REP,2692
8,MONTGOMERY COUNTY SHERIFF (DEM),Johnny Smith,DEM,152
1,YANCEY COUNTY BOARD OF COMMISSIONERS (DEM),Johnny Riddle,DEM,1008
31,COLUMBUS COUNTY BOARD OF COMMISSIONERS DISTRICT 7 (DEM),Johnny Edge,DEM,180
16,WASHINGTON COUNTY SHERIFF (DEM),Johnny Barnes,DEM,1389
15,BRUNSWICK COUNTY BOARD OF EDUCATION DISTRICT 5 (REP),John W. Thompson,REP,1694
1151,NC HOUSE OF REPRESENTATIVES DISTRICT 048 (REP),John W. Imbaratto,REP,447
4,SWAIN COUNTY BOARD OF COMMISSIONERS MEMBERS (DEM),John S. Parton,DEM,756
22,JOHNSTON COUNTY BOARD OF EDUCATION,John Radford,,1508
8,SURRY COUNTY CLERK OF SUPERIOR COURT (DEM),John R. Snow,DEM,1005
6,ALLEGHANY COUNTY BOARD OF COMMISSIONERS (REP),John Meachum,REP,148
4,CLAY COUNTY BOARD OF COMMISSIONERS (REP),John Mazza,REP,830
10,SCOTLAND COUNTY SHERIFF (DEM),John Martin,DEM,1868
25,CRAVEN COUNTY SHERIFF (DEM),John L. Gillyard,DEM,228
13,BERTIE COUNTY SHERIFF (DEM),John Holley,DEM,2641
9,ROCKINGHAM COUNTY SHERIFF (REP),"John H. Ferrell, Jr.",REP,338
9,DAVIE COUNTY BOARD OF COMMISSIONERS (REP),John H. Ferguson,REP,2107
12,CASWELL COUNTY BOARD OF COMMISSIONERS DISTRICT 1 (REP),John F. Claggett,REP,61
27,STANLY COUNTY BOARD OF EDUCATION DISTRICT 1 (REP),John Edwards,REP,3350
23,ROBESON COUNTY BOARD OF EDUCATION DISTRICT 8,John Dunlap (Write-In),,1
13,GRAHAM COUNTY SHERIFF (DEM),John D. Lovin,DEM,262
1407,NC STATE SENATE DISTRICT 13 (DEM),John Campbell,DEM,14803
19,WAKE COUNTY BOARD OF COMMISSIONERS DISTRICT 7 (DEM),John Burns,DEM,29684
1068,NC HOUSE OF REPRESENTATIVES DISTRICT 020 (DEM),John Bauer,DEM,326
10,WASHINGTON COUNTY BOARD OF EDUCATION DISTRICT 1 (DEM),"John A. Tharps, Sr.",DEM,931
9,CABARRUS COUNTY SHERIFF (REP),"John A. Sweat, Jr.",REP,719
3,MACON COUNTY BOARD OF COMMISSIONERS DISTRICT 1 (REP),John A. Shearl,REP,1010
4,TYRRELL COUNTY SHERIFF (DEM),Joey Elliott,DEM,247
15,RUTHERFORD COUNTY SHERIFF (REP),Joey Brandle,REP,294
1482,NC STATE SENATE DISTRICT 38 (DEM),Joel Ford,DEM,5408
27,CHEROKEE COUNTY BOARD OF EDUCATION DISTRICT III (REP),Joe Wood,REP,2502
19,JONES COUNTY BOARD OF COMMISSIONER DISTRICT 7 (DEM),Joe Wiggins,DEM,57
12,STANLY COUNTY BOARD OF COMMISSIONERS DISTRICT 2 (REP),Joe Speight,REP,2969
13,CLAY COUNTY SHERIFF (REP),Joe Shook,REP,562
10,RICHMOND COUNTY BOARD OF EDUCATION,Joe Richardson,,2489
1614,DISTRICT ATTORNEY DISTRICT 20 (DEM),Joe Osman,DEM,8404
16,YADKIN BOARD OF EDUCATION,Joe Dezern (Write-In),,5
15,PENDER COUNTY SHERIFF (REP),Joe Cina,REP,357
10,WAYNE COUNTY BOARD OF EDUCATION DISTRICT 6,Joe Brown,,137
4,GREENE COUNTY BOARD OF COMMISSIONERS DISTRICT 4 (DEM),JoAnn Artis Stevens,DEM,755
22,JOHNSTON COUNTY BOARD OF EDUCATION,"Jimmy P. Clapp, Jr.",,4382
1019,NC HOUSE OF REPRESENTATIVES DISTRICT 004 (REP),Jimmy Dixon,REP,2765
15,PENDER COUNTY SHERIFF (REP),Jimmie Stokes,REP,82
6,FORSYTH COUNTY BOARD OF COMMISSIONERS AT-LARGE (REP),Jimmie Boyd,REP,3059
3,MACON COUNTY BOARD OF COMMISSIONERS DISTRICT 1 (REP),Jim Tate,REP,1476
4,ANSON COUNTY BOARD OF COMMISSIONERS DISTRICT 4 (DEM),Jim Sims,DEM,150
18,ROWAN COUNTY BOARD OF COMMISSIONERS (REP),Jim Sides,REP,2220
5,HAYWOOD COUNTY CLERK OF SUPERIOR COURT (DEM),Jim Moore,DEM,664
33,BLADEN COUNTY SHERIFF (REP),Jim McVicker,REP,2089
1013,NC HOUSE OF REPRESENTATIVES DISTRICT 002 (REP),Jim McIlroy,REP,341
1244,NC HOUSE OF REPRESENTATIVES DISTRICT 079 (REP),Jim Chesnutt,REP,1174
1,YANCEY COUNTY BOARD OF COMMISSIONERS (DEM),Jill Austin,DEM,1049
130010,KANNAPOLIS CITY SCHOOLS BOARD OF EDUCATION AREA I,Jessica Dixon Touart,,531
19,ORANGE COUNTY BOARD OF EDUCATION,Jessica Aguilar,,1658
21,HARNETT COUNTY SHERIFF (REP),Jerry Rivas,REP,370
1,GREENE COUNTY BOARD OF COMMISSIONERS DISTRICT 3 (DEM),Jerry R. Jones,DEM,1151
10,WASHINGTON COUNTY BOARD OF EDUCATION DISTRICT 1 (DEM),Jerry Phelps,DEM,1186
10,SAMPSON COUNTY CLERK OF SUPERIOR COURT (DEM),Jerry J. Bradshaw,DEM,936
25,CRAVEN COUNTY SHERIFF (DEM),Jerry G. Monette,DEM,2454
1245,NC HOUSE OF REPRESENTATIVES DISTRICT 079 (DEM),Jerry E. Langley,DEM,3321
3,UNION COUNTY BOARD OF COMMISSIONERS (REP),Jerry B. Simpson,REP,6983
25,COLUMBUS COUNTY BOARD OF COMMISSIONERS DISTRICT 1 (DEM),Jerome McMillian,DEM,581
4,SCOTLAND COUNTY BOARD OF COMMISSIONERS STEWARTSVILLE TWP (DEM),Jeremy Baker,DEM,1263
1,WAKE COUNTY BOARD OF COMMISSIONERS DISTRICT 1 (DEM),Jeremiah Pierce,DEM,23421
1536,US HOUSE OF REPRESENTATIVES DISTRICT 05 (DEM),Jenny Marshall,DEM,12987
18,CHEROKEE COUNTY BOARD OF EDUCATION DISTRICT II (REP),Jeff Martin,REP,2419
1,CUMBERLAND COUNTY SHERIFF (DEM),Jeff Marks,DEM,1894
13,ONSLOW COUNTY BOARD OF EDUCATION (REP),Jeff Hudson,REP,6805
3,MITCHELL COUNTY BOARD OF COMMISSIONERS (REP),Jeff Harding,REP,1129
1550,US HOUSE OF REPRESENTATIVES DISTRICT 10 (REP),Jeff Gregory,REP,3724
36,STANLY COUNTY SHERIFF (REP),Jeff Crisco,REP,3767
27,STANLY COUNTY BOARD OF EDUCATION DISTRICT 1 (REP),Jeff Chance,REP,3581
3,UNION COUNTY BOARD OF COMMISSIONERS (REP),Jeff Atkinson,REP,5178
18,CHEROKEE COUNTY BOARD OF EDUCATION DISTRICT II (REP),Jeannie Gaddis,REP,1184
1295,NC HOUSE OF REPRESENTATIVES DISTRICT 096 (REP),Jay Adams,REP,6013
9,ALLEGHANY COUNTY BOARD OF EDUCATION (REP),Jason Williams,REP,393
15,PENDER COUNTY SHERIFF (REP),Jason Spivey,REP,193
22,JOHNSTON COUNTY BOARD OF EDUCATION,Jason S. Barbour,,4703
6,TRANSYLVANIA COUNTY CLERK OF SUPERIOR COURT (REP),Jason Robert Chappell,REP,431
1619,DISTRICT ATTORNEY DISTRICT 22 (REP),Jason Ramey,REP,4592
1298,NC HOUSE OF REPRESENTATIVES DISTRICT 097 (REP),Jason R. Saine,REP,6927
43,LINCOLN COUNTY SHERIFF (REP),Jason Munday,REP,1327
9,AVERY COUNTY SHERIFF (REP),Jason Lolies,REP,1326
9,CATAWBA COUNTY SHERIFF (REP),Jason Coy Reid,REP,5692
9,ALLEGHANY COUNTY BOARD OF EDUCATION (REP),Jason Carpenter,REP,399
1148,NC HOUSE OF REPRESENTATIVES DISTRICT 047 (REP),Jarrod Lowery,REP,572
19,JACKSON COUNTY BOARD OF COMMISSIONERS DISTRICT 1 (REP),Jarrett Crowe,REP,254
6,STANLY COUNTY BOARD OF COMMISSIONERS AT-LARGE (REP),Jann Lowder,REP,3303
16,SAMPSON COUNTY BOARD OF EDUCATION,Janice J. Williams,,398
9,NEW HANOVER COUNTY BOARD OF EDUCATION (REP),Janice Cavenaugh,REP,2649
130010,KANNAPOLIS CITY SCHOOLS BOARD OF EDUCATION AREA I,Janet E. Yvars,,589
10,AVERY COUNTY BOARD OF EDUCATION,Jane E. Bumgarner,,1323
9,STOKES COUNTY BOARD OF COMMISSIONERS (REP),Jamie Yontz,REP,1318
1,MECKLENBURG COUNTY BOARD OF COMMISSIONERS AT-LARGE (DEM),Jamie Hildreth,DEM,11040
13,SURRY COUNTY SHERIFF (REP),Jamie Goad,REP,1562
9,STOKES COUNTY BOARD OF COMMISSIONERS (REP),Jamie East,REP,303
1163,NC HOUSE OF REPRESENTATIVES DISTRICT 052 (REP),Jamie Boles,REP,6117
22,GUILFORD COUNTY SHERIFF (DEM),"James Zimmerman, Sr.",DEM,3029
13,WAKE COUNTY BOARD OF COMMISSIONERS DISTRICT 5 (DEM),James West,DEM,48932
9,DAVIE COUNTY BOARD OF COMMISSIONERS (REP),James V. Blakley,REP,2964
7,PITT COUNTY BOARD OF COMMISSIONERS DISTRICT 2 (DEM),James Tripp,DEM,747
28,JACKSON COUNTY BOARD OF EDUCATION DISTRICT 5,James Stewart-Payne,,1379
4,DAVIDSON COUNTY BOARD OF COMMISSIONERS (REP),James Shores,REP,5473
19,ORANGE COUNTY BOARD OF EDUCATION,James Needham,,937
1,HALIFAX COUNTY BOARD OF COMMISSIONERS AT-LARGE (DEM),James Mills,DEM,2044
1,NEW HANOVER COUNTY BOARD OF COMMISSIONERS (DEM),James Middleton,DEM,4287
3,IREDELL COUNTY BOARD OF COMMISSIONERS (REP),James Mallory,REP,5614
16,ROBESON COUNTY SHERIFF (DEM),James Jones,DEM,1528
1,JONES COUNTY BOARD OF COMMISSIONER DISTRICT 2 (DEM),James Harper,DEM,123
3,GATES COUNTY SHERIFF (REP),James Gary Ingram,REP,208
18,ROWAN COUNTY BOARD OF COMMISSIONERS (REP),James C. Greene,REP,5134
10,ORANGE COUNTY CLERK OF SUPERIOR COURT (DEM),James C. (Jamie) Stanford,DEM,8360
16,WASHINGTON COUNTY SHERIFF (DEM),James (Smiley) Ross,DEM,531
4,HYDE COUNTY BOARD OF COMMISSIONERS SWAN QUARTER TOWNSHIP (DEM),James (Little Brother) Topping,DEM,301
12,ASHE COUNTY SHERIFF (REP),James (Jimmy) Hendrix,REP,830
6,ALLEGHANY COUNTY BOARD OF COMMISSIONERS (REP),James (Jimmy) Hamm,REP,246
9,RANDOLPH COUNTY BOARD OF COMMISSIONERS DISTRICT 2 (REP),Jake Summey,REP,4819
1305,NC HOUSE OF REPRESENTATIVES DISTRICT 099 (DEM),Jackson Pethtal,DEM,180
3,ONSLOW COUNTY BOARD OF COMMISSIONERS (REP),Jackson Hawley,REP,1825
13,NORTHAMPTON COUNTY SHERIFF (DEM),Jack Smith,DEM,2985
13,GATES COUNTY BOARD OF COMMISSIONERS GATESVILLE DISTRICT (DEM),Jack Owens,DEM,1377
10,RICHMOND COUNTY BOARD OF EDUCATION,J.L. McCullers,,949
6,DAVIE COUNTY SHERIFF (REP),J.D. Hartman,REP,3553
1,HALIFAX COUNTY BOARD OF COMMISSIONERS AT-LARGE (DEM),"J. Rives Manning, Jr.",DEM,4558
12,CURRITUCK COUNTY BOARD OF COMMISSIONERS DISTRICT 5 (REP),J. Owen Etheridge,REP,1064
18,HARNETT COUNTY BOARD OF EDUCATION DISTRICT 5 (REP),J. A. Farina,REP,272
1112,NC HOUSE OF REPRESENTATIVES DISTRICT 035 (REP),Isaac Burke,REP,1396
7,MECKLENBURG COUNTY SHERIFF (DEM),Irwin Carmichael,DEM,11685
10,RICHMOND COUNTY BOARD OF EDUCATION,Irene Pittman Aiken,,2072
1550,US HOUSE OF REPRESENTATIVES DISTRICT 10 (REP),Ira Roberts,REP,1701
31,Maysville Fire Tax Election,In favor of,,38
5,HAYWOOD COUNTY CLERK OF SUPERIOR COURT (DEM),Hunter Plemmons,DEM,2772
1064,NC HOUSE OF REPRESENTATIVES DISTRICT 019 (REP),Hunter Ford,REP,818
1,ROBESON COUNTY BOARD OF COMMISSIONERS DISTRICT 2 (DEM),Hubert Sealey,DEM,792
7,HOKE COUNTY SHERIFF (DEM),Hubert A. Peterkin,DEM,2867
16,YADKIN BOARD OF EDUCATION,Howard McKnight,,1790
6,SWAIN COUNTY BOARD OF COMMISSIONERS MEMBERS (REP),Holly Bowick,REP,290
19,ORANGE COUNTY BOARD OF EDUCATION,Hillary MacKenzie,,5172
1,RICHMOND COUNTY BOARD OF COMMISSIONERS (DEM),Herbie Long,DEM,1660
13,PITT COUNTY BOARD OF COMMISSIONERS DISTRICT 4 (DEM),Henry Williams II,DEM,990
17,WARREN COUNTY BOARD OF EDUCATION DISTRICT 1,"Henry L. Durham, Jr.",,806
10,PAMLICO COUNTY BOARD OF EDUCATION DISTRICT 4,Helen J. Robinson,,310
1041,NC HOUSE OF REPRESENTATIVES DISTRICT 011 (DEM),Heather Metour,DEM,328
34,LINCOLN COUNTY CLERK OF SUPERIOR COURT (REP),Heather Hester Job,REP,2226
7,ALLEGHANY COUNTY BOARD OF EDUCATION (DEM),Heather Halsey Resendiz,DEM,206
12,UNION COUNTY BOARD OF EDUCATION DISTRICT 3 (REP),Heather Craig Henage,REP,736
19,ORANGE COUNTY BOARD OF EDUCATION,Hawkeye Aguilar,,796
10,DUPLIN COUNTY SHERIFF (DEM),Harvey Stroud,DEM,1484
1,HOKE COUNTY BOARD OF COMMISSIONERS (DEM),Harry Southerland,DEM,2477
4,ALAMANCE COUNTY BOARD OF COMMISSIONERS (DEM),Harold Dean Bowling,DEM,1091
4,ROBESON COUNTY BOARD OF COMMISSIONERS DISTRICT 4 (DEM),Harbert Eddie Moore,DEM,1166
9,ONSLOW COUNTY SHERIFF (REP),Hans J. Miller,REP,6761
31,BLADEN COUNTY SHERIFF (DEM),Hakeem Brown,DEM,2375
4,SCOTLAND COUNTY BOARD OF COMMISSIONERS STEWARTSVILLE TWP (DEM),Guy McCook,DEM,1534
34,LINCOLN COUNTY CLERK OF SUPERIOR COURT (REP),Gregory Calvin Smith,REP,951
18,ROWAN COUNTY BOARD OF COMMISSIONERS (REP),Gregory C. Edds,REP,5685
19,WILKES COUNTY BOARD OF COMMISSIONERS (REP),Gregory A. Minton,REP,2216
13,DAVIDSON COUNTY SHERIFF (REP),Greg Wood,REP,1801
15,RANDOLPH COUNTY SHERIFF (REP),Greg Seabolt,REP,6536
1670,DISTRICT ATTORNEY DISTRICT 42 (REP),Greg Newman,REP,10909
3,CRAVEN COUNTY BOARD OF COMMISSIONERS DISTRICT 1 (REP),Greg Holt,REP,512
4,BERTIE COUNTY BOARD OF COMMISSIONERS DISTRICT 2 (DEM),Greg Atkins,DEM,2066
1542,US HOUSE OF REPRESENTATIVES DISTRICT 07 (DEM),Grayson Parker,DEM,10587
7,MONTGOMERY COUNTY BOARD OF COMMISSIONERS AT-LARGE (DEM),Grant Hinson,DEM,746
1,HOKE COUNTY BOARD OF COMMISSIONERS (DEM),Graham Poole,DEM,1191
19,CASWELL COUNTY BOARD OF EDUCATION DISTRICT 1,Gordon Satterfield,,312
20,ROBESON COUNTY BOARD OF EDUCATION DISTRICT 2,God (Write-In),,1
23,FRANKLIN COUNTY BOARD OF COMMISSIONERS DISTRICT 3 (DEM),Glenn Swanson,DEM,384
1568,DISTRICT ATTORNEY DISTRICT 03 (REP),Glenn Perry,REP,4238
19,WARREN COUNTY BOARD OF EDUCATION DISTRICT 4,Glenn Forsythe,,470
1,NORTHAMPTON COUNTY BOARD OF COMMISSIONERS DISTRICT 3 (DEM),Glenn Fleetwood,DEM,930
17,GATES COUNTY BOARD OF EDUCATION DISTRICT 3,Glendale Phelps Boone,,1972
1028,NC HOUSE OF REPRESENTATIVES DISTRICT 007 (REP),Glen Bradley,REP,920
1374,NC STATE SENATE DISTRICT 02 (DEM),Ginger Garner,DEM,3944
1550,US HOUSE OF REPRESENTATIVES DISTRICT 10 (REP),Gina Collias,REP,6664
22,FRANKLIN COUNTY BOARD OF EDUCATION SEAT 5,Gil Johnson,,486
1,MECKLENBURG COUNTY BOARD OF COMMISSIONERS AT-LARGE (DEM),Gerenda Davis,DEM,9639
1539,US HOUSE OF REPRESENTATIVES DISTRICT 06 (DEM),Gerald Wong,DEM,7719
6,AVERY COUNTY BOARD OF COMMISSIONERS (REP),Gerald R. McKinney,REP,884
13,DAVIDSON COUNTY SHERIFF (REP),"Gerald K. Hege, Sr.",REP,3557
15,BRUNSWICK COUNTY BOARD OF EDUCATION DISTRICT 5 (REP),Gerald (Jerry) Benton,REP,2307
17,CLINTON CITY SCHOOLS BOARD OF EDUCATION,Georgina Zeng,,507
36,STANLY COUNTY SHERIFF (REP),George T. Burris,REP,1944
9,PENDER COUNTY BOARD OF COMMISSIONERS DISTRICT 3 (REP),George R. Brown,REP,1971
46,LINCOLN COUNTY BOARD OF COMMISSIONERS (REP),George Mull,REP,1884
16,ROBESON COUNTY SHERIFF (DEM),George Kenworthy,DEM,544
1526,US HOUSE OF REPRESENTATIVES DISTRICT 02 (REP),George Holding,REP,17979
1049,NC HOUSE OF REPRESENTATIVES DISTRICT 014 (REP),George G. Cleveland,REP,2122
16,MECKLENBURG COUNTY BOARD OF COMMISSIONERS DISTRICT 3 (DEM),George Dunlap,DEM,6945
16,MECKLENBURG COUNTY BOARD OF COMMISSIONERS DISTRICT 3 (DEM),George (Giovanni) Dortche,DEM,412
3,IREDELL COUNTY BOARD OF COMMISSIONERS (REP),Gene Houpe,REP,5087
24,PITT COUNTY SHERIFF (REP),Gary Weaver,REP,5175
12,UNION COUNTY BOARD OF EDUCATION DISTRICT 3 (REP),Gary Sides,REP,1207
31,BLADEN COUNTY SHERIFF (DEM),Gary S. Edwards,DEM,621
22,BLADEN COUNTY BOARD OF EDUCATION DISTRICT 1 (DEM),Gary Rhoda,DEM,853
6,BURKE COUNTY BOARD OF COMMISSIONERS (REP),Gary Kling,REP,1169
1068,NC HOUSE OF REPRESENTATIVES DISTRICT 020 (DEM),Gary K. Shipman,DEM,1999
19,SURRY COUNTY BOARD OF COMMISSIONERS CENTRAL DISTRICT (REP),Gary Carson Tilley,REP,1566
9,CHEROKEE COUNTY BOARD OF COMMISSIONERS DISTRICT III (REP),Gary (Hippie) Westmoreland,REP,2713
7,MECKLENBURG COUNTY SHERIFF (DEM),Garry L. McFadden,DEM,29934
1667,DISTRICT ATTORNEY DISTRICT 41 (REP),"Garland Franklin Byers, Jr.",REP,3276
1257,NC HOUSE OF REPRESENTATIVES DISTRICT 083 (DEM),Gail Young,DEM,1048
1557,US HOUSE OF REPRESENTATIVES DISTRICT 12 (DEM),Gabe Ortiz,DEM,1959
4,ANSON COUNTY BOARD OF COMMISSIONERS DISTRICT 4 (DEM),Fulton J. Crowder,DEM,59
13,SAMPSON COUNTY SHERIFF (DEM),Freddie Butler,DEM,1794
12,CURRITUCK COUNTY BOARD OF COMMISSIONERS DISTRICT 5 (REP),Fred Whiteman,REP,888
34,LINCOLN COUNTY CLERK OF SUPERIOR COURT (REP),Fred R. Hatley,REP,5239
1089,NC HOUSE OF REPRESENTATIVES DISTRICT 027 (DEM),"Franklin D. Williams, Jr.",DEM,5716
15,DARE COUNTY BOARD OF EDUCATION DISTRICT 1 (REP),Frank O. Hester,REP,1429
1545,US HOUSE OF REPRESENTATIVES DISTRICT 08 (DEM),Frank McNeill,DEM,16012
1058,NC HOUSE OF REPRESENTATIVES DISTRICT 017 (REP),Frank Iler,REP,3165
9,NEW HANOVER COUNTY BOARD OF EDUCATION (REP),Frank Christopher Meares,REP,1995
10,AVERY COUNTY BOARD OF EDUCATION,Frances Magruder,,235
19,FORSYTH COUNTY BOARD OF COMMISSIONERS DISTRICT A (DEM),Fleming El-Amin,DEM,3077
1569,DISTRICT ATTORNEY DISTRICT 03 (DEM),Faris Dixon,DEM,6016
7,NORTHAMPTON COUNTY BOARD OF COMMISSIONERS DISTRICT 5 (DEM),Fannie P. Greene,DEM,1753
4,ROBESON COUNTY BOARD OF COMMISSIONERS DISTRICT 4 (DEM),Faline Locklear Dial,DEM,1402
37,GUILFORD COUNTY BOARD OF COMMISSIONERS DISTRICT 8 UNEXPIRED (DEM),Fahiym Hanna,DEM,965
19,FORSYTH COUNTY BOARD OF COMMISSIONERS DISTRICT A (DEM),Everette Witherspoon,DEM,2915
16,EDGECOMBE COUNTY BOARD OF EDUCATION DISTRICT 1,Evelyn Shaw Wilson,,200
17,EDGECOMBE COUNTY BOARD OF EDUCATION DISTRICT 3,Evelyn J. Johnson,,231
10,FORSYTH COUNTY BOARD OF EDUCATION DISTRICT 1 (DEM),Eunice Campbell,DEM,1363
1071,NC HOUSE OF REPRESENTATIVES DISTRICT 021 (DEM),Eugene Pearsall,DEM,1331
7,CUMBERLAND COUNTY CLERK OF SUPERIOR COURT (DEM),Eshonda Hooper,DEM,2696
13,SURRY COUNTY SHERIFF (REP),Ervin Odum,REP,371
10,WAKE COUNTY BOARD OF COMMISSIONERS DISTRICT 4 (DEM),Erv Portman,DEM,23801
18,FORSYTH COUNTY SHERIFF (REP),Ernie G. Leyba,REP,2120
9,BEAUFORT COUNTY SHERIFF (REP),Ernie Coleman,REP,2964
10,BERTIE COUNTY BOARD OF COMMISSIONERS DISTRICT 5 (DEM),Ernestine (Byrd) Bazemore,DEM,1940
1032,NC HOUSE OF REPRESENTATIVES DISTRICT 008 (DEM),Ernest T. Reeves,DEM,799
9,STOKES COUNTY BOARD OF COMMISSIONERS (REP),Ernest Lankford,REP,1004
25,CRAVEN COUNTY SHERIFF (DEM),Eric W. Smith,DEM,2389
1250,NC HOUSE OF REPRESENTATIVES DISTRICT 081 (REP),Eric S. Osborne,REP,2835
1016,NC HOUSE OF REPRESENTATIVES DISTRICT 003 (REP),Eric Queen,REP,2201
25,WILKES COUNTY SHERIFF (REP),Eric L. Byrd,REP,1740
14,RANDOLPH COUNTY SHERIFF (LIB),Eric Hicks,LIB,264
1,CUMBERLAND COUNTY SHERIFF (DEM),Ennis W. Wright,DEM,13034
1137,NC HOUSE OF REPRESENTATIVES DISTRICT 043 (DEM),Elmer Floyd,DEM,3887
1200,NC HOUSE OF REPRESENTATIVES DISTRICT 064 (DEM),Elliott Lynch,DEM,1000
1,MECKLENBURG COUNTY BOARD OF COMMISSIONERS AT-LARGE (DEM),Ella Scarborough,DEM,33085
21,FRANKLIN COUNTY BOARD OF EDUCATION SEAT 3,Elizabeth S. Keith,,798
12,PENDER COUNTY CLERK OF SUPERIOR COURT (REP),Elizabeth H. Craver,REP,3033
19,CASWELL COUNTY BOARD OF EDUCATION DISTRICT 1,Elin Claggett,,209
9,NEW HANOVER COUNTY BOARD OF EDUCATION (REP),Edward Higgins,REP,2218
1010,NC HOUSE OF REPRESENTATIVES DISTRICT 001 (REP),Edward C. Goodwin,REP,1987
5,HAYWOOD COUNTY CLERK OF SUPERIOR COURT (DEM),Eddie West,DEM,850
4,CLEVELAND COUNTY BOARD OF COMMISSIONERS (DEM),Eddie Holbrook,DEM,2120
10,PASQUOTANK COUNTY SHERIFF (DEM),Eddie Graham,DEM,1326
1454,NC STATE SENATE DISTRICT 29 (REP),Eddie Gallimore,REP,11758
21,UNION COUNTY SHERIFF (REP),Eddie Cathey,REP,11232
6,DARE COUNTY BOARD OF COMMISSIONERS AT-LARGE (REP),Ed Danko,REP,723
19,WARREN COUNTY BOARD OF EDUCATION DISTRICT 4,Ebony Talley-Brame,,945
15,SURRY COUNTY BOARD OF EDUCATION DISTRICT 3,Earlie Coe,,5574
1257,NC HOUSE OF REPRESENTATIVES DISTRICT 083 (DEM),Earle Schecter,DEM,325
6,ASHE COUNTY BOARD OF COMMISSIONERS (REP),Earl R. Cox,REP,894
7,ORANGE COUNTY BOARD OF COMMISSIONERS DISTRICT 2 (DEM),Earl McKee,DEM,5854
9,ROCKINGHAM COUNTY SHERIFF (REP),Earl Estes,REP,886
12,CRAVEN COUNTY BOARD OF COMMISSIONERS DISTRICT 4 (REP),E.T. Mitchell,REP,1094
13,SURRY COUNTY SHERIFF (REP),E. Vann Tate,REP,1615
16,SAMPSON COUNTY BOARD OF EDUCATION,E. Sonya Powell,,903
12,SAMPSON COUNTY CLERK OF SUPERIOR COURT (REP),"Dwight S. Williams, Jr.",REP,698
21,FRANKLIN COUNTY BOARD OF EDUCATION SEAT 3,Dwight Neal,,622
4,CLAY COUNTY BOARD OF COMMISSIONERS (REP),Dwight H. Penland,REP,992
12,DAVIE COUNTY BOARD OF EDUCATION (REP),Dwight C. Goodman,REP,2479
23,ROBESON COUNTY BOARD OF EDUCATION DISTRICT 8,Dwayne Smith,,1647
1493,NC STATE SENATE DISTRICT 42 (REP),Dustin Long,REP,1241
3,CITY OF ALBEMARLE CITY COUNCIL (AT-LARGE) (REP),Duke Furr,REP,439
1041,NC HOUSE OF REPRESENTATIVES DISTRICT 011 (DEM),Duane Hall,DEM,1746
6,RUTHERFORD COUNTY BOARD OF EDUCATION DISTRICT 1 (REP),Drew Radford,REP,1181
6,ROCKINGHAM COUNTY BOARD OF EDUCATION AT-LARGE (REP),Doug Isley,REP,3244
10,JACKSON COUNTY SHERIFF (REP),Doug Farmer,REP,794
1,PENDER COUNTY BOARD OF COMMISSIONERS DISTRICT 1 (DEM),Dorothy Royal,DEM,972
22,JOHNSTON COUNTY BOARD OF EDUCATION,Dorothy G. Johnson,,5346
7,MONTGOMERY COUNTY BOARD OF COMMISSIONERS AT-LARGE (DEM),Dorothy (Dottie) Robinson,DEM,1011
1374,NC STATE SENATE DISTRICT 02 (DEM),Dorothea D. White,DEM,3871
1014,NC HOUSE OF REPRESENTATIVES DISTRICT 002 (DEM),Dora P. Bullock,DEM,1516
9,ALLEGHANY COUNTY BOARD OF EDUCATION (REP),Donna Moxley Rea,REP,425
21,CASWELL COUNTY BOARD OF EDUCATION DISTRICT 5,Donna Hudson,,788
7,BUNCOMBE COUNTY BOARD OF COMMISSIONERS DISTRICT 3 (DEM),Donna Ensley,DEM,3024
9,BEAUFORT COUNTY SHERIFF (REP),Donald Dixon,REP,870
9,HENDERSON COUNTY BOARD OF COMMISSIONERS DISTRICT 4 (REP),Don Ward,REP,5827
4,DAVIDSON COUNTY BOARD OF COMMISSIONERS (REP),Don W. Truell,REP,9362
1,RICHMOND COUNTY BOARD OF COMMISSIONERS (DEM),Don M Bryant,DEM,1816
9,NEW HANOVER COUNTY BOARD OF EDUCATION (REP),Don Hayes,REP,2739
18,HARNETT COUNTY BOARD OF EDUCATION DISTRICT 5 (REP),Don Godfrey,REP,299
1383,NC STATE SENATE DISTRICT 05 (DEM),Don Davis,DEM,11011
9,CATAWBA COUNTY SHERIFF (REP),Don Brown,REP,13053
4,WILSON COUNTY SHERIFF (DEM),Dinise Williams,DEM,192
1535,US HOUSE OF REPRESENTATIVES DISTRICT 05 (REP),Dillon Gentry,REP,5703
6,CABARRUS COUNTY BOARD OF COMMISSIONERS (REP),Diane Honeycutt,REP,6641
10,HERTFORD COUNTY SHERIFF (DEM),Dexter Hayes,DEM,3227
4,PERSON COUNTY SHERIFF (DEM),Dewey E. Jones,DEM,2233
9,STOKES COUNTY BOARD OF COMMISSIONERS (REP),Devin Parrish,REP,305
13,GUILFORD COUNTY BOARD OF EDUCATION DISTRICT 4 (DEM),Desiree Best,DEM,1983
9,PERSON COUNTY BOARD OF COMMISSIONERS (REP),Derrick Sims,REP,498
24,CHEROKEE COUNTY SHERIFF (REP),Derrick Palmer,REP,2753
1569,DISTRICT ATTORNEY DISTRICT 03 (DEM),Derek K. Brown,DEM,5750
6,CATAWBA COUNTY BOARD OF COMMISSIONERS (REP),Derek Colson,REP,8044
4,BUNCOMBE COUNTY BOARD OF COMMISSIONERS DISTRICT 2 (DEM),Dereck Lindsey,DEM,742
1,CUMBERLAND COUNTY SHERIFF (DEM),Denny Davis,DEM,831
3,UNION COUNTY BOARD OF COMMISSIONERS (REP),Dennis Rape,REP,5841
9,CABARRUS COUNTY SHERIFF (REP),Dennis McClure,REP,223
6,AVERY COUNTY BOARD OF COMMISSIONERS (REP),Dennis Aldridge,REP,1153
19,GUILFORD COUNTY BOARD OF EDUCATION DISTRICT 8 (DEM),Deena Hayes,DEM,2240
7,SWAIN COUNTY CLERK OF SUPERIOR COURT (DEM),Deborah Smith,DEM,439
1502,NC STATE SENATE DISTRICT 45 (REP),Deanna Ballard,REP,8403
1536,US HOUSE OF REPRESENTATIVES DISTRICT 05 (DEM),DD Adams,DEM,15509
1509,NC STATE SENATE DISTRICT 47 (DEM),David Wheeler,DEM,4272
13,HARNETT COUNTY BOARD OF EDUCATION DISTRICT 3 (DEM),David Tillman,DEM,288
7,DAVIDSON COUNTY REGISTER OF DEEDS (REP),David T. Rickard,REP,9455
15,WATAUGA COUNTY SHERIFF (REP),David Searcy,REP,2552
13,DAVIDSON COUNTY SHERIFF (REP),David S. Grice,REP,4946
13,CLAY COUNTY SHERIFF (REP),David R. Owen,REP,161
1533,US HOUSE OF REPRESENTATIVES DISTRICT 04 (DEM),David Price,DEM,52203
12,CASWELL COUNTY BOARD OF COMMISSIONERS DISTRICT 1 (REP),David Owen,REP,96
9,PERSON COUNTY BOARD OF COMMISSIONERS (REP),"David Newell, Sr.",REP,604
3,MCDOWELL COUNTY BOARD OF COMMISSIONERS (REP),David Nelson Walker,REP,1035
1652,DISTRICT ATTORNEY DISTRICT 36 (REP),David Learner,REP,10671
1499,NC STATE SENATE DISTRICT 44 (REP),David L. Curtis,REP,4554
8,MONTGOMERY COUNTY SHERIFF (DEM),David Kime,DEM,264
19,WILKES COUNTY BOARD OF COMMISSIONERS (REP),David Gambill,REP,2857
9,PENDER COUNTY BOARD OF COMMISSIONERS DISTRICT 3 (REP),David Fallin,REP,1941
9,ROBESON COUNTY BOARD OF COMMISSIONERS DISTRICT 6 (REP),David Edge,REP,312
12,DAVIE COUNTY BOARD OF EDUCATION (REP),David Carroll,REP,2641
3,ALAMANCE COUNTY CLERK OF SUPERIOR COURT (REP),David Barber,REP,1655
15,FORSYTH COUNTY BOARD OF EDUCATION DISTRICT 2 (REP),David B. Singletary,REP,5259
7,ALLEGHANY COUNTY BOARD OF EDUCATION (DEM),David (Casey) Jones,DEM,520
16,SAMPSON COUNTY BOARD OF EDUCATION,Daryll Warren,,1028
4,CLAY COUNTY BOARD OF COMMISSIONERS (REP),Daryl Moore,REP,566
10,RICHMOND COUNTY BOARD OF EDUCATION,Daryl Mason,,2598
1014,NC HOUSE OF REPRESENTATIVES DISTRICT 002 (DEM),Darryl D. Moss,DEM,3658
9,RANDOLPH COUNTY BOARD OF COMMISSIONERS DISTRICT 2 (REP),Darrell Frye,REP,7349
7,HOKE COUNTY SHERIFF (DEM),Darin M. Bronson,DEM,930
22,GUILFORD COUNTY SHERIFF (DEM),Danny Rogers,DEM,13496
40,LINCOLN COUNTY REGISTER OF DEEDS (REP),Danny R. Hester,REP,5330
15,GRAHAM COUNTY SHERIFF (REP),Danny Millsaps,REP,233
3,TRANSYLVANIA COUNTY BOARD OF COMMISSIONERS (REP),Danny Hein,REP,1417
4,SWAIN COUNTY BOARD OF COMMISSIONERS MEMBERS (DEM),Danny Burns,DEM,919
21,ROBESON COUNTY BOARD OF EDUCATION DISTRICT 3,Danny Bullock (Write-In),,1
20,ROBESON COUNTY BOARD OF EDUCATION DISTRICT 2,Daniel Scarlett (Write-In),,2
1605,DISTRICT ATTORNEY DISTRICT 16 (DEM),Daniel Meier,DEM,3342
130010,KANNAPOLIS CITY SCHOOLS BOARD OF EDUCATION AREA I,Daniel M. Wallace,,1150
1,CHATHAM COUNTY CLERK OF SUPERIOR COURT (DEM),Dana M. Hackney,DEM,6624
15,FORSYTH COUNTY BOARD OF EDUCATION DISTRICT 2 (REP),Dana Caudill Jones,REP,5714
24,CHEROKEE COUNTY SHERIFF (REP),Dan Sherrill,REP,1101
1548,US HOUSE OF REPRESENTATIVES DISTRICT 09 (DEM),Dan McCready,DEM,38098
12,CHEROKEE COUNTY BOARD OF COMMISSIONERS DISTRICT IV (REP),Dan Eichenbaum,REP,1940
1484,NC STATE SENATE DISTRICT 39 (REP),Dan Bishop,REP,8778
1460,NC STATE SENATE DISTRICT 31 (REP),Dan Barrett,REP,6204
21,ROBESON COUNTY BOARD OF EDUCATION DISTRICT 3,Dallas Crawford (Write-In),,1
6,GRAHAM COUNTY BOARD OF COMMISSIONERS (REP),Dale E. Wiggins,REP,762
1020,NC HOUSE OF REPRESENTATIVES DISTRICT 004 (DEM),Da'Quan Marcell Love,DEM,2451
1554,US HOUSE OF REPRESENTATIVES DISTRICT 11 (DEM),D. Scott Donaldson,DEM,9402
12,PITT COUNTY BOARD OF COMMISSIONERS DISTRICT 3 (REP),Cynthia Marcus,REP,315
13,GATES COUNTY BOARD OF COMMISSIONERS GATESVILLE DISTRICT (DEM),Curtis Wilkins,DEM,575
19,VANCE COUNTY SHERIFF (DEM),Curtis Rodney Brame,DEM,2651
4,HERTFORD COUNTY BOARD OF COMMISSIONERS DISTRICT 2 (DEM),Curtis Anthony Freeman,DEM,1601
12,ROCKINGHAM COUNTY BOARD OF COMMISSIONERS (REP),Craig Travis,REP,3176
4,DAVIDSON COUNTY BOARD OF COMMISSIONERS (REP),Craig Smith,REP,7382
18,ROWAN COUNTY BOARD OF COMMISSIONERS (REP),Craig Pierce,REP,2289
1,MADISON COUNTY BOARD OF COMMISSIONERS (DEM),Craig D. Goforth,DEM,1735
7,CLAY COUNTY BOARD OF EDUCATION (REP),Cory Scroggs,REP,517
1535,US HOUSE OF REPRESENTATIVES DISTRICT 05 (REP),"Cortland J. Meader, Jr.",REP,2063
9,CHEROKEE COUNTY BOARD OF COMMISSIONERS DISTRICT III (REP),Corey V. Bailey,REP,1023
6,ROCKINGHAM COUNTY BOARD OF EDUCATION AT-LARGE (REP),Corey Brannock,REP,2298
7,BERTIE COUNTY BOARD OF COMMISSIONERS DISTRICT 3 (DEM),"Corey Ballance, Sr.",DEM,1494
7,WASHINGTON COUNTY BOARD OF EDUCATION AT-LARGE (DEM),Constance Garrett,DEM,923
12,DAVIE COUNTY BOARD OF EDUCATION (REP),Clint Junker,REP,4468
16,FORSYTH COUNTY SHERIFF (DEM),Clif Kilby,DEM,1648
1,MADISON COUNTY BOARD OF COMMISSIONERS (DEM),Clayton Rice,DEM,1315
6,AVERY COUNTY BOARD OF COMMISSIONERS (REP),Clayton Austin Harpold,REP,471
4,CLAY COUNTY BOARD OF COMMISSIONERS (REP),Clay Logan,REP,865
10,HALIFAX COUNTY BOARD OF EDUCATION,Claude (Clutch) Cooper,,3112
1370,NC STATE SENATE DISTRICT 01 (REP),Clark Twiddy,REP,4902
1547,US HOUSE OF REPRESENTATIVES DISTRICT 09 (REP),"Clarence W. Goins, Jr.",REP,1867
1425,NC STATE SENATE DISTRICT 19 (DEM),Clarence E. Donaldson,DEM,3142
4,DURHAM COUNTY SHERIFF (DEM),Clarence Birkhead,DEM,21746
1,CHATHAM COUNTY CLERK OF SUPERIOR COURT (DEM),Claire Parker Wilson,DEM,3364
6,CABARRUS COUNTY BOARD OF COMMISSIONERS (REP),Chuck Stanec,REP,3445
1553,US HOUSE OF REPRESENTATIVES DISTRICT 11 (REP),Chuck Archerd,REP,5639
1302,NC HOUSE OF REPRESENTATIVES DISTRICT 098 (DEM),Christy Clark,DEM,3275
9,NEW HANOVER COUNTY BOARD OF EDUCATION (REP),Christopher Morgan,REP,1791
21,CARTERET COUNTY BOARD OF EDUCATION DISTRICT 3 (REP),Christopher Mashburn,REP,775
1509,NC STATE SENATE DISTRICT 47 (DEM),Christopher H. Rumfelt,DEM,1141
4,WILSON COUNTY SHERIFF (DEM),Christopher (Chris) Boykin,DEM,2431
46,LINCOLN COUNTY BOARD OF COMMISSIONERS (REP),Christine Poinsette,REP,2804
1548,US HOUSE OF REPRESENTATIVES DISTRICT 09 (DEM),Christian Cano,DEM,7922
16,BUNCOMBE COUNTY SHERIFF (DEM),Chris Winslow,DEM,1311
6,MONTGOMERY COUNTY SHERIFF (REP),Chris Watkins,REP,820
25,WILKES COUNTY SHERIFF (REP),Chris Shew,REP,4137
1112,NC HOUSE OF REPRESENTATIVES DISTRICT 035 (REP),Chris Malone,REP,1651
16,GUILFORD COUNTY BOARD OF EDUCATION DISTRICT 6 (DEM),Chris Hocker,DEM,1167
4,CLEVELAND COUNTY BOARD OF COMMISSIONERS (DEM),Chris Gash,DEM,3103
15,RUTHERFORD COUNTY SHERIFF (REP),Chris Francis,REP,4235
12,SAMPSON COUNTY CLERK OF SUPERIOR COURT (REP),Chris Fann,REP,1006
4,DAVIDSON COUNTY BOARD OF COMMISSIONERS (REP),Chris Elliott,REP,8993
6,JOHNSTON COUNTY BOARD OF COMMISSIONERS DISTRICT 5 (REP),Chris Ellington,REP,3954
12,SAMPSON COUNTY CLERK OF SUPERIOR COURT (REP),Chris Driver,REP,968
15,PENDER COUNTY SHERIFF (REP),Chester Ward,REP,533
1,NORTHAMPTON COUNTY BOARD OF COMMISSIONERS DISTRICT 3 (DEM),"Chester J. Deloatch, Sr.",DEM,1176
1509,NC STATE SENATE DISTRICT 47 (DEM),Cheryl D. Swofford,DEM,2473
10,FORSYTH COUNTY BOARD OF EDUCATION DISTRICT 1 (DEM),Chenita Barber Johnson,DEM,1801
12,ROCKINGHAM COUNTY BOARD OF COMMISSIONERS (REP),Charlie Hall,REP,3801
16,YADKIN BOARD OF EDUCATION,Charlie Haire,,1083
3,CUMBERLAND COUNTY SHERIFF (REP),Charlie Baxley,REP,3681
31,COLUMBUS COUNTY BOARD OF COMMISSIONERS DISTRICT 7 (DEM),Charles T. McDowell,DEM,446
19,JACKSON COUNTY BOARD OF COMMISSIONERS DISTRICT 1 (REP),Charles R. Elders,REP,897
9,DAVIE COUNTY BOARD OF COMMISSIONERS (REP),Charles Odell Williams,REP,716
17,GRANVILLE COUNTY BOARD OF EDUCATION DISTRICT 4,Charles Nichols,,109
18,HENDERSON COUNTY SHERIFF (REP),Charles McDonald,REP,5210
1017,NC HOUSE OF REPRESENTATIVES DISTRICT 003 (DEM),Charles Dudley,DEM,1172
16,ORANGE COUNTY SHERIFF (DEM),Charles Blackwood,DEM,14220
1337,NC HOUSE OF REPRESENTATIVES DISTRICT 110 (REP),Charlene High,REP,1265
20,ROBESON COUNTY BOARD OF EDUCATION DISTRICT 2,Chandra Short,,257
1311,NC HOUSE OF REPRESENTATIVES DISTRICT 101 (DEM),Chance Harris,DEM,742
1485,NC STATE SENATE DISTRICT 39 (DEM),Chad Stachowicz,DEM,5239
3,JOHNSTON COUNTY BOARD OF COMMISSIONERS DISTRICT 3 (REP),Chad M. Stewart,REP,4374
7,BUNCOMBE COUNTY BOARD OF COMMISSIONERS DISTRICT 3 (DEM),Catori Swann,DEM,1114
1200,NC HOUSE OF REPRESENTATIVES DISTRICT 064 (DEM),Cathy Von Hassel-Davies,DEM,1137
3,CATAWBA COUNTY CLERK OF SUPERIOR COURT (REP),Cathy J. Starnes,REP,7777
16,NORTHAMPTON COUNTY BOARD OF EDUCATION,Catherine Moody,,2073
21,ROBESON COUNTY BOARD OF EDUCATION DISTRICT 3,Cat Gaines (Write-In),,1
22,ROBESON COUNTY BOARD OF EDUCATION DISTRICT 6,Cat Gaines (Write-In),,1
23,ROBESON COUNTY BOARD OF EDUCATION DISTRICT 8,Cat Gaines,,671
43,LINCOLN COUNTY SHERIFF (REP),Carrol D. Mitchem,REP,942
1311,NC HOUSE OF REPRESENTATIVES DISTRICT 101 (DEM),Carolyn Logan,DEM,2575
4,SCOTLAND COUNTY BOARD OF COMMISSIONERS STEWARTSVILLE TWP (DEM),Carol McCall,DEM,1681
17,CLINTON CITY SCHOOLS BOARD OF EDUCATION,Carol A. Worley,,927
3,CUMBERLAND COUNTY SHERIFF (REP),Carlton Sallie,REP,1168
7,WASHINGTON COUNTY BOARD OF EDUCATION AT-LARGE (DEM),Carlos Riddick,DEM,1077
7,BOARD OF EDUCATION,Carlos Armstrong,,189
1326,NC HOUSE OF REPRESENTATIVES DISTRICT 106 (DEM),Carla Cunningham,DEM,4036
1556,US HOUSE OF REPRESENTATIVES DISTRICT 12 (REP),Carl Persson,REP,1885
3,UNION COUNTY BOARD OF COMMISSIONERS (REP),Carl Lucas,REP,1491
21,ROBESON COUNTY BOARD OF EDUCATION DISTRICT 3,Carl Lovett (Write-In),,1
10,BERTIE COUNTY BOARD OF COMMISSIONERS DISTRICT 5 (DEM),Carl K. Bond,DEM,1584
1466,NC STATE SENATE DISTRICT 33 (REP),Carl Ford,REP,8418
20,ROBESON COUNTY BOARD OF EDUCATION DISTRICT 2,"Carl (C.H.) Lovette, Jr.",,340
20,ROBESON COUNTY BOARD OF EDUCATION DISTRICT 2,"Carl ""C.H."" Lovette, Jr.",,0
11,PAMLICO COUNTY BOARD OF EDUCATION AT-LARGE,Carinna A. Smith,,938
1010,NC HOUSE OF REPRESENTATIVES DISTRICT 001 (REP),Candice Hunter,REP,1611
4,WILSON COUNTY SHERIFF (DEM),"Calvin Woodard, Jr.",DEM,6504
19,WARREN COUNTY BOARD OF EDUCATION DISTRICT 4,Calvin Curtis Jones,,348
6,CHEROKEE COUNTY BOARD OF COMMISSIONERS DISTRICT I (REP),Cal Stiles,REP,1948
6,CATAWBA COUNTY BOARD OF COMMISSIONERS (REP),C. Randall (Randy) Isenhower,REP,13847
22,JOHNSTON COUNTY BOARD OF EDUCATION,Butler Hall,,3719
23,ROBESON COUNTY BOARD OF EDUCATION DISTRICT 8,Burnis Wilkins (Write-In),,1
16,ROBESON COUNTY SHERIFF (DEM),Burnis Wilkins,DEM,8620
16,GRANVILLE COUNTY BOARD OF EDUCATION DISTRICT 3,"Bud W. Wegner, Jr.",,180
46,LINCOLN COUNTY BOARD OF COMMISSIONERS (REP),Bud Cesena,REP,3437
1245,NC HOUSE OF REPRESENTATIVES DISTRICT 079 (DEM),Bryson Kiel Jones,DEM,1450
3,GATES COUNTY SHERIFF (REP),Bryan Daryll Johnson,REP,95
9,NEW HANOVER COUNTY BOARD OF EDUCATION (REP),Bruce Shell,REP,2896
13,GRANVILLE COUNTY SHERIFF (DEM),"Brindell B. Wilkins, Jr.",DEM,3328
21,ROBESON COUNTY BOARD OF EDUCATION DISTRICT 3,Brice Altman (Write-In),,1
23,ROBESON COUNTY BOARD OF EDUCATION DISTRICT 8,Brice Altman (Write-In),,3
22,ROBESON COUNTY BOARD OF EDUCATION DISTRICT 6,Brice Altman,,244
19,WILKES COUNTY BOARD OF COMMISSIONERS (REP),Brian S. Minton,REP,2572
16,DAVIDSON COUNTY CLERK OF SUPERIOR COURT (REP),Brian Lee Shipwash,REP,12595
4,CALDWELL COUNTY BOARD OF COMMISSIONERS (DEM),Brian K. Foster,DEM,712
27,JACKSON COUNTY BOARD OF EDUCATION DISTRICT 4,Brian E. McClure,,1833
21,UNION COUNTY SHERIFF (REP),Brian Crump,REP,2358
40,LINCOLN COUNTY REGISTER OF DEEDS (REP),Brian Crisson,REP,2804
1,ORANGE COUNTY BOARD OF COMMISSIONERS AT-LARGE (DEM),Brian Crawford,DEM,5215
10,JACKSON COUNTY SHERIFF (REP),Brent McMahan,REP,358
10,PASQUOTANK COUNTY SHERIFF (DEM),Brent McKecuen,DEM,1290
10,SAMPSON COUNTY CLERK OF SUPERIOR COURT (DEM),Brent Baggett,DEM,352
19,ORANGE COUNTY BOARD OF EDUCATION,Brenda Stephens,,6124
20,ROBESON COUNTY BOARD OF EDUCATION DISTRICT 2,Brenda S. Fairley-Ferebee,,1412
130010,KANNAPOLIS CITY SCHOOLS BOARD OF EDUCATION AREA I,Brenda McCombs,,934
23,ROBESON COUNTY BOARD OF EDUCATION DISTRICT 8,Brenda Fairley (Write-In),,1
21,ROBESON COUNTY BOARD OF EDUCATION DISTRICT 3,Brenda Fair-Ferebee (Write-In),,1
13,NORTHAMPTON COUNTY SHERIFF (DEM),Brenda Edwards Burnette,DEM,1296
26,WILKES COUNTY BOARD OF EDUCATION,Brandon Whitaker,,2334
3,ALAMANCE COUNTY CLERK OF SUPERIOR COURT (REP),Brandon Ector,REP,1825
13,CLAY COUNTY SHERIFF (REP),Brandon Coker,REP,113
6,RUTHERFORD COUNTY BOARD OF EDUCATION DISTRICT 1 (REP),Brandi Edney Nanney,REP,2503
1302,NC HOUSE OF REPRESENTATIVES DISTRICT 098 (DEM),Branden Rosenlieb,DEM,351
16,SAMPSON COUNTY BOARD OF EDUCATION,Bradley Jackson,,498
9,ONSLOW COUNTY SHERIFF (REP),Boyd Brown,REP,2021
9,STOKES COUNTY BOARD OF COMMISSIONERS (REP),Boh Mabe,REP,760
22,PITT COUNTY SHERIFF (DEM),Bobby Murphy,DEM,914
1025,NC HOUSE OF REPRESENTATIVES DISTRICT 006 (REP),Bobby Hanig,REP,3621
16,FORSYTH COUNTY SHERIFF (DEM),"Bobby F. Kimbrough, Jr.",DEM,12557
13,CLAY COUNTY SHERIFF (REP),Bobby Deese,REP,681
10,RICHMOND COUNTY BOARD OF EDUCATION,Bobbie Sue Ormsby,,2817
1407,NC STATE SENATE DISTRICT 13 (DEM),Bobbie Jacobs-Ghaffar,DEM,6588
13,ONSLOW COUNTY BOARD OF EDUCATION (REP),Bob Williams,REP,4972
1370,NC STATE SENATE DISTRICT 01 (REP),Bob Steinburg,REP,6780
15,CURRITUCK COUNTY SHERIFF (REP),Bob Douros,REP,679
21,ROBESON COUNTY BOARD OF EDUCATION DISTRICT 3,Blank (Write-In),,2
22,ROBESON COUNTY BOARD OF EDUCATION DISTRICT 6,Blank (Write-In),,2
23,ROBESON COUNTY BOARD OF EDUCATION DISTRICT 8,Blank (Write-In),,2
1326,NC HOUSE OF REPRESENTATIVES DISTRICT 106 (DEM),Blanche Penn,DEM,505
10,DUPLIN COUNTY SHERIFF (DEM),Blake Wallace,DEM,2946
6,AVERY COUNTY BOARD OF COMMISSIONERS (REP),Blake Vance,REP,1458
6,CABARRUS COUNTY BOARD OF COMMISSIONERS (REP),Blake Kiger,REP,6184
1046,NC HOUSE OF REPRESENTATIVES DISTRICT 013 (REP),Blake Beadle,REP,1863
7,POLK COUNTY SHERIFF (DEM),BJ Bayne,DEM,1152
24,GUILFORD COUNTY SHERIFF (REP),BJ Barnes,REP,11380
12,CRAVEN COUNTY BOARD OF COMMISSIONERS DISTRICT 4 (REP),Billy Joiner,REP,710
19,VANCE COUNTY SHERIFF (DEM),Billy Ivan Gooch,DEM,1379
12,PASQUOTANK COUNTY SHERIFF (REP),Bill Ward,REP,762
1466,NC STATE SENATE DISTRICT 33 (REP),Bill Sorenson,REP,5602
9,NEW HANOVER COUNTY BOARD OF EDUCATION (REP),Bill Rivenbark,REP,3219
12,STANLY COUNTY BOARD OF COMMISSIONERS DISTRICT 2 (REP),Bill Lawhon,REP,4047
13,ONSLOW COUNTY BOARD OF EDUCATION (REP),Bill Lanier,REP,5025
4,SURRY COUNTY BOARD OF COMMISSIONERS MOUNT AIRY DISTRICT (REP),Bill Goins,REP,3349
43,LINCOLN COUNTY SHERIFF (REP),Bill Beam,REP,4392
21,JOHNSTON COUNTY SHERIFF (REP),Bill B. Burgess,REP,1307
1025,NC HOUSE OF REPRESENTATIVES DISTRICT 006 (REP),Beverly Boswell,REP,3208
1,SCOTLAND COUNTY BOARD OF COMMISSIONERS SPRING HILL TOWNSHIP (DEM),Betty Blue Gholston,DEM,1989
10,DURHAM COUNTY BOARD OF EDUCATION DISTRICT 2,Bettina Umstead,,6609
1484,NC STATE SENATE DISTRICT 39 (REP),Beth Monaghan,REP,3537
7,WARREN COUNTY BOARD OF COMMISSIONERS DISTRICT 4 (DEM),Bertadean Williams Baker,DEM,941
20,FRANKLIN COUNTY BOARD OF EDUCATION SEAT 1,Bernard Hall,,980
1,ROBESON COUNTY BOARD OF COMMISSIONERS DISTRICT 2 (DEM),Berlester Campbell,DEM,1553
1271,NC HOUSE OF REPRESENTATIVES DISTRICT 088 (REP),Benton Blaine,REP,264
4,GREENE COUNTY BOARD OF COMMISSIONERS DISTRICT 4 (DEM),Bennie Heath,DEM,995
9,DAVIE COUNTY BOARD OF COMMISSIONERS (REP),Benita Finney,REP,2830
1470,NC STATE SENATE DISTRICT 34 (DEM),Beniah McMiller,DEM,1483
1665,DISTRICT ATTORNEY DISTRICT 40 (DEM),Ben Scales,DEM,11418
1431,NC STATE SENATE DISTRICT 21 (DEM),Ben Clark,DEM,6491
1,SWAIN COUNTY BOARD OF COMMISSIONERS CHAIRMAN (DEM),Ben Bushyhead,DEM,818
4,HALIFAX COUNTY CLERK OF SUPERIOR COURT (DEM),Becky Spragins,DEM,5047
1314,NC HOUSE OF REPRESENTATIVES DISTRICT 102 (DEM),Becky Carney,DEM,4366
12,SAMPSON COUNTY CLERK OF SUPERIOR COURT (REP),Barbara Moore,REP,776
1017,NC HOUSE OF REPRESENTATIVES DISTRICT 003 (DEM),Barbara Lee,DEM,2451
1534,US HOUSE OF REPRESENTATIVES DISTRICT 04 (LIB),Barbara Howe,LIB,528
10,FORSYTH COUNTY BOARD OF EDUCATION DISTRICT 1 (DEM),Barbara Hanes Burke,DEM,4071
12,ASHE COUNTY SHERIFF (REP),B. Phil Howell,REP,1509
1323,NC HOUSE OF REPRESENTATIVES DISTRICT 105 (DEM),Ayoub Ouederni,DEM,940
1626,DISTRICT ATTORNEY DISTRICT 24 (DEM),Avery Michelle Crump,DEM,14694
7,ALLEGHANY COUNTY BOARD OF EDUCATION (DEM),Audra Bonham,DEM,130
4,ANSON COUNTY BOARD OF COMMISSIONERS DISTRICT 4 (DEM),Ashley Turner Drake,DEM,58
30,GUILFORD COUNTY BOARD OF COMMISSIONERS DISTRICT 2 (REP),Ashley Tillery,REP,782
7,CLAY COUNTY BOARD OF EDUCATION (REP),Ashley Owens,REP,889
12,LEE COUNTY BOARD OF COMMISSIONERS DISTRICT 4 (REP),Arianna M. Del Palazzo,REP,298
10,CLAY COUNTY REGISTER OF DEEDS (REP),April L. Krieger,REP,667
8,DURHAM COUNTY BOARD OF EDUCATION DISTRICT 4,Antonio Jones,,2210
1107,NC HOUSE OF REPRESENTATIVES DISTRICT 033 (DEM),Antoine Marshall,DEM,1442
7,MECKLENBURG COUNTY SHERIFF (DEM),Antoine M. Ensley,DEM,15778
43,LINCOLN COUNTY SHERIFF (REP),Anthony Huss,REP,119
1393,NC STATE SENATE DISTRICT 08 (LIB),Anthony H. Mascolo,LIB,53
24,STANLY COUNTY BOARD OF EDUCATION AT-LARGE (REP),Anthony Graves,REP,4010
10,BOARD OF EDUCATION,Anne White,,556
6,DARE COUNTY BOARD OF COMMISSIONERS AT-LARGE (REP),Anne P. Petera,REP,1931
3,UNION COUNTY BOARD OF COMMISSIONERS (REP),Anna Blood,REP,5572
1485,NC STATE SENATE DISTRICT 39 (DEM),Ann Harlan,DEM,5222
18,EDGECOMBE COUNTY BOARD OF EDUCATION DISTRICT 5,Ann Elise Kent,,159
23,JACKSON COUNTY CLERK OF SUPERIOR COURT (DEM),Ann D. Melton,DEM,2419
10,CLAY COUNTY REGISTER OF DEEDS (REP),Angie Shook,REP,1400
8,DURHAM COUNTY BOARD OF EDUCATION DISTRICT 4,Angela Starke,,1757
16,MECKLENBURG COUNTY BOARD OF COMMISSIONERS DISTRICT 3 (DEM),Angela R. Ambroise,DEM,2719
13,HARNETT COUNTY BOARD OF EDUCATION DISTRICT 3 (DEM),Angela McCall Hill,DEM,207
13,MECKLENBURG COUNTY BOARD OF COMMISSIONERS DISTRICT 2 (DEM),Angela G. Edwards,DEM,1812
21,ROBESON COUNTY BOARD OF EDUCATION DISTRICT 3,Angela Faulkner (Write-In),,1
1,HOKE COUNTY BOARD OF COMMISSIONERS (DEM),Angela Carter Jones,DEM,1112
1493,NC STATE SENATE DISTRICT 42 (REP),Andy Wells,REP,9018
9,STOKES COUNTY BOARD OF COMMISSIONERS (REP),Andy Stevens,REP,462
9,STOKES COUNTY BOARD OF COMMISSIONERS (REP),Andy Nickelston,REP,1205
6,MOORE COUNTY BOARD OF COMMISSIONERS DISTRICT III (REP),Andy English,REP,3695
7,CLAY COUNTY BOARD OF EDUCATION (REP),Andy Carter,REP,809
15,HAYWOOD COUNTY TAX COLLECTOR (REP),Andrew (Tubby) Ferguson,REP,877
4,HERTFORD COUNTY BOARD OF COMMISSIONERS DISTRICT 2 (DEM),Andre M. Lassiter,DEM,2522
10,BOARD OF EDUCATION,Amy Spaugh,,452
6,ALAMANCE COUNTY BOARD OF COMMISSIONERS (REP),Amy Scott Galey,REP,5321
1352,NC HOUSE OF REPRESENTATIVES DISTRICT 115 (REP),Amy Evans,REP,1075
9,ALLEGHANY COUNTY BOARD OF EDUCATION (REP),Amy Bottomley,REP,634
1182,NC HOUSE OF REPRESENTATIVES DISTRICT 058 (DEM),Amos Quick,DEM,4150
25,COLUMBUS COUNTY BOARD OF COMMISSIONERS DISTRICT 1 (DEM),Amon McKenzie,DEM,350
7,ALLEGHANY COUNTY BOARD OF EDUCATION (DEM),Amanda Taylor Edwards,DEM,436
4,BUNCOMBE COUNTY BOARD OF COMMISSIONERS DISTRICT 2 (DEM),Amanda Edwards,DEM,3062
1557,US HOUSE OF REPRESENTATIVES DISTRICT 12 (DEM),Alma Adams,DEM,38849
1041,NC HOUSE OF REPRESENTATIVES DISTRICT 011 (DEM),Allison Dahle,DEM,4517
9,WATAUGA COUNTY BOARD OF COMMISSIONERS DISTRICT 5 (REP),Allen Trivette,REP,1148
1,HOKE COUNTY BOARD OF COMMISSIONERS (DEM),"Allen Thomas, Jr.",DEM,3138
1277,NC HOUSE OF REPRESENTATIVES DISTRICT 090 (REP),Allen Poindexter,REP,2039
12,JOHNSTON COUNTY BOARD OF COMMISSIONERS DISTRICT 7 (REP),Allen Mims,REP,3303
1526,US HOUSE OF REPRESENTATIVES DISTRICT 02 (REP),Allen Chesser,REP,5612
9,STOKES COUNTY BOARD OF COMMISSIONERS (REP),Allen Brown,REP,304
21,ROBESON COUNTY BOARD OF EDUCATION DISTRICT 3,Alicia Richardson (Write-In),,2
27,JACKSON COUNTY BOARD OF EDUCATION DISTRICT 4,Ali Laird-Large,,2212
10,FORSYTH COUNTY BOARD OF EDUCATION DISTRICT 1 (DEM),Alex Bailand Bohannon,DEM,2118
13,PITT COUNTY BOARD OF COMMISSIONERS DISTRICT 4 (DEM),Alex Albright,DEM,1246
1550,US HOUSE OF REPRESENTATIVES DISTRICT 10 (REP),"Albert Lee Wiley, Jr.",REP,616
30,GUILFORD COUNTY BOARD OF COMMISSIONERS DISTRICT 2 (REP),Alan W. Perdue,REP,1658
7,GUILFORD COUNTY BOARD OF EDUCATION AT-LARGE (DEM),Alan W. Duncan,DEM,13300
1167,NC HOUSE OF REPRESENTATIVES DISTRICT 053 (DEM),Alan Longman,DEM,467
15,PENDER COUNTY SHERIFF (REP),Alan Cutler,REP,2189
7,BEAUFORT COUNTY SHERIFF (DEM),Al J. Whitney,DEM,1796
13,GUILFORD COUNTY BOARD OF EDUCATION DISTRICT 4 (DEM),Adrienne Nicole Spinner,DEM,889
13,BERTIE COUNTY SHERIFF (DEM),Adrian L. Bowen,DEM,1087
9,CABARRUS COUNTY SHERIFF (REP),Adam E. Peck,REP,1391
1560,US HOUSE OF REPRESENTATIVES DISTRICT 13 (DEM),Adam Coker,DEM,8324
14,RANDOLPH COUNTY SHERIFF (LIB),Adam Brooks,LIB,38
1113,NC HOUSE OF REPRESENTATIVES DISTRICT 035 (DEM),Adam B. Wright,DEM,881
26,JACKSON COUNTY BOARD OF EDUCATION DISTRICT 2,Abigail Blakley Clayton,,2274
6,FORSYTH COUNTY BOARD OF COMMISSIONERS AT-LARGE (REP),A. L. (Buddy) Collins,REP,6112
1469,NC STATE SENATE DISTRICT 34 (REP),A. J. Daoud,REP,1519
